Surname,OtherName
Mumuni,Salamatu
Nyimayab,Silas
Abdul Rahman,Muhiba
Daniel,Kwabena
Aboagye,Abednego
Tenu,Samuel
Antwi Boasiako,Frederick
Aikins,Monica
Dumbu,Felita
Nyantakyiwaa,Dora
Gyanewaa,Jennifer
Ambross,Kwasi
Ashun,Priscilla
Acheampomaa,Iddrisu
Mahama,Stephen
Aninakwah,Emmanuel
Owusu,Eric
Oduro,Michael
Brifo,Patricia
Ampreh,Gideon
Daasu,Issah
Akatapore,Sayibu
Sana,Gloria
Dordzie,Awudu
Frimpong,Jamila
Fuseini,Nabil
Awudu,Gladys
Larry,James
Bamonge,Anboufaa
Nuordong,Padimond
Werekuu,Isaac
Tia,Naab
Biliwa,Musah
Nkansah,Ayishetu
Soglu,Wakila
Saidu,Samira
Abu,Abukari
Husein,Simon
Musah,Rahael
Dokurugu,Yeboah
Iddi,Mubarak
Gyabah,Slyvester
Kofi,Faustina
Boateng,Eliasu
Anane,Zulaiha
Abubakar,Hamida
Awoude,Eunice
Mohammed,Rebecca
Ewusi,Francis
Osmanu,Richard
Dunlounaa Kuri,Tawiah
Bassi,Asampana
Antwi,Asanpandaa
Kesse,Talata
Gyorpere,Hamza
Addai,Abigail
Amia,Rubby
Tentan,Evans
Nsoh,Felicia
Akolgo,Amina
Agongo,Diana
Alobig,Suphianu
Kwasi,Fauzia
Nkrumah,Gilbert
Ahiaba,Augustine
Nketiah,Patrick
Kanyuulo,Akwasi
Dawuda,Philimon
Dowuona,Julius
Yakubu,Bismark
Adu,Barikisu
Atta Gyamfi,Sana
Adom Frimpong,Rahina
Opoku,Richmond
Segoe,Elvis
Adjei Koomson,Frank
Adu Yeboah,Prince
Basoah,Safia
Kwakye,Godfred
Ansomana,Kwame
Abdul-Rahim,Yahaya
Faisal,Sharifa
Asiedu,Justine
Agyei,Berimah
Osei-Gyamfi,Peter
Minkah,Bright
Halidu,Dofi
Ansah,George
Mensah Bonsu,Francisca
Dankwah,Charlotte
Ntsiful,Dickson
Alhassan,Lois
Seidu,Ebenezer
Binewoatsor,Kwadwo
Manu,Albert
Ofori,Misan
Twum,Felix
Asamoah,Abdul
Adzoma,Watkins
Vivor,Issaka
Sai,Ernest
Dugah,Joseph
Larbi,Akua
Adjei,Salisu
Kudzordzi,Suale
Ata,Kayidatu
Kyeremeh,Arimeyaw
Osei,Georgina
Oppong,Louis
Hlordewu,Kurugu
Obeng,Fati
Adam,Hawa
William,Seidu
Charles,Doe
Matchi,Andrews
Okyere,Mathias
Tim,Mariama
Ntifuni,Rosemary
Iddrisu,Kofi
Ackaah,Hilda
Frimpomaa,Ofosu
Nyaaba,Adam
Ibrahim,Razak
Mahamudu,Atsufui
Mustapha,Ibrahim
Wuddah,Imoro
Donkor,Patience
Dortee,Umar
Dauda,Jonas
Nyame,Martha
Amankwah,Rockson
Annor,Atta
Appiah,Charles
Agyemang,Kingsford
Osman,Mensah
Asenso,Ali
Agbalekpor,Akosua
Mahamadu,Yaw
Adobea,Somed
Amadu,Islam
Gbande,Rashida
Hassan Usman,Korkor
Fuglo,Justice
Bambor,Lucia
Charbel,Joyce
Kwabena,Deborah
Kumbi,Aziz
Handiba,Abiba
Aidoo,Rose
Tamimu,Mutari
Nuwortor,Sanatu
Hassan,Ramatu
Yussif,Yussif
Nimeh,Naomi
Shaib,Rafatu
Emmanuel,Anisa
Ossom,Fatima
Agyenim Boateng,Mohammed
Abdulai,Edmund
Adomako,Arthur
Abdul,Alfred
Bamba,Ernestina
Nsor,Wunangi
Konadu,Wasila
Gyamera,Alia
Danquah,Wahabu
Imoro,Dokurugu
Amoah,Alhassan
Baafi,Samiratu
Kporemegbe,Alex
Marfo,Kwaku
Kwah,Hagar
Arloo,Pascal
Okrah,Godsway
Salu,Lucy
Ankamah,Japhet
Anankenna,Gifty
Agbeshie,Korkuvi
Ekow,Stanley
Kwesi,Jami
Shaibu,Yaa
Awui,Mary
Asani,Ama
Abdul-Rahman,Dominic
Issah,Amedorme
Adams,Brema
Asona,Agather
Olinea,Davies
Agboli,Mawufemor
Ofosua,Abdulai
Anku,Shahadu
Animley,Micheal
Wiyao,Mathew
Fiagbedu,Mashood
Sulemana,Sophia
Adwubi,Asana
Ackon,Mamudu
Videwu,Gbadegbe
Appau,Adamu
Zaforyi,Issa
Moro,Kampuri
Zakaria,Maria
Bakite,Jacob
Kumator,Ayisha
Afavi,Rukaya
Asante,Ahmed
Avinu,Fusheini
Amedi,Nzewani
Tetteh,Maxwell
Acquah,Vincent
Kwame,Osman
Abugbila,Abena
Kwoffie,Paulina
Amankwaah,Cephas
Yinka,Joel
Fusheini,Sachibu
Yusifu,Kamil
Gyandoh,Esther
Agbenyegah,Happy
Mahamadou,Moses
Salam,Serwaa
Bondorin,Daniel
Abbas,Dennis
Boafo,Aledi
Asorme,Thomas
Abdul Mumin,Dahamatu
Achiaa,Theophilus
Prempeh,Baary
Agbesi,Amalia
Akanwanwi,Eustace
Abukari,Elorm
Nyarko,Halimatu
Agbenorxevi,Sulemana
Andoh,Juliana
Afia,Mavis
Edu Donkor,Joshua
Quaye,Awula
Kudjo,Ayawornu
Seglah,Richardson
Cudjoe,Pius
Baba,Appiah
Koldow,Macia
Bainim,Musa
Takyi,Danso
Hammer,Bridget
Son-Bare,Dauda
Attah,Salifu
Avadornu,Duah
Darko,Nimatu
Avara-Yaaba,Amadu
Okine,Amidu
Fosu,Sumaila
Hamidu,Bonsu
Umar,Comfort
Hanson,Rashid
Galley,Azizi
Gokah,Humu
Amedor,Ma-Aruf
Aheto,Jonathan
Amakuor,Christabel
Akpabli,Lewis
Kusi,Mudirika
Adzato,Mahamadu
Mensah,Cynthia
Bawa,Juanaa
Kalou,Beatrice
Fianu,Naama
Foriwaa,Yamba
Nuamah,Abraham
Boahen,Fredrick
Zakari,Mwinnensua
Sumaila,Chotii
Sam,Catherine
Kassim,Huruna
Mahamaru,Mercy
Chimsa,Rosina
Zamatu,Augustina
Abdul-Somed,Ngmendoma
Aryee Quarshie,Andrew
Konlan,Solomon
Yennube,Regina
Teng,Agartha
Sodole,Phidelia
Tufaldo,John
Asare,Christian
Sorgah,Shadrach
Nwajo,Nsuisong
Hagah,Melody
Abekah,Teiba
Sule,Favour
Kodua,Chentima
Adamtey,Otis
Amidu,Della
Yahya,Kosia
Amuzu,Latifa
Kelle,Ayishatu
Aborko,Alidu
Meber,Robert
Bouame,Martin
Isa,Nimorti
Nyadeva,David
Shahad,Lafisa
Tangariba,Emprez
Amfoh,Stephanie
Pokuaa,Rabiatu
Bobodeni,Najia
Adjekum,Hamidu
Martey,Mumuni
Agbemafle,Aminu
Normegbor,Belawu
Kwagbedzi,Zaratu
Akorli,Zeinab
Dzidula,Afua
Mikordorme,Anyaabila
Fordjour,Yakubu
Tampuri,Caesar
Salia,Memunatu
Baidoo,Victoria
Yajime,Lydia
Ankomah,Osborn
Adinyira,Mansah
Dahamani,Asantewaa
Sarpong,Joy
Awaga,Oti
Afful,Janet
Akpo,Dansowaa
Hudu,Rinn
Wumbei,Anthony
Mahamoud,Kekeli
Ali,Pious
Annang,Rejoice
Abugah,Clemence
Okpanul,Abota
Zenabu,Benjamin
Brown,Nana
Odonkor,Sarkodie
Addo,Jerry
Abdula-Rahaman,Wisdom
Akyerem,Vida
Entsiwah,Boakye
Yaw,Ishmeal
Fiadu,Aniah
Jabab Nlenman,Evelyn
Awal,Afia
Ziblim,Raymond
Aminu,Helena
Bako,Helina
Yahaya,Debora
Ablenyi,Lopez
Inusah,Godwin
Adoma,Osubroni
Asantewaa,Margaret
Arhin,Salima
Awembila,Mershack
Amedzro,Baffour
Ahutsi,Bernard
Lartey,Nyamekye
Oforiwaa,Rahanatu
Ashiangbor,Edward
Gmayoam,Millicent
Kumih,Elizabeth
Agbodzalu,Habiba
Akosua,Desmond
Stephen,Blessing
Novigbor,Cecilia
Teye,Doris
Derkye,Gabriel
Linlaba,Obed
Fiase,Hannah
Bruce,Botwe
Ashia,Philip
Fekpe,Vorsah
Odunayo,Paul
Acheampong,Anita
Wemenyo,Melipa
Akaribo,Hayford
Adah,Halidu
Tettey,Adwoa
Zobila,Ekow
Davie,Seth
Asimah,Brandford
Neindow,Ose
Peprah,Hanson
Gadoseh,Zuwaira
Bakar,Alisa
Kwadwo,Mariyatu
Amponsah,Judith
Ayambire,Fuseini
Agbomadzi,Pognaa
Adade,Dokrugu
Tagoe,Linda
Turkson,Azeez
Agyapong,Jemila
Abbey,Baako
Kissi,Nurideen
Quartey,Alimatu
Storminger,Tijani
Terkpertey,Azumah
Agbetey,Wuni
Kuma,Saeed
Mussah,Saaka
Ako,Kweku
Kpabitey,Faiza
Quarshie,Yorkpani
Akubiri,Agnes
Quansah,Alhaji
Wobit,Daah
Dalatey,Shaibu
Effah,Rabik
Ayittey,Lariba
Dayie,Katey
Osei Bonsu,Christopher
Amemornu,Kow
Dogba,Kelvin
Quame,Brown
Boadu,Adisah
Gonja,Ezekiel
Alidu,Calister
Awuku,Nimong
Okley,Leticia
Atta,Dazuhu
Brobbey,Aisha
Tekutey,Fulera
Abrafi,Nelson
Ehoneah,Iliasu
Arkoh,Kwabla
Ayaba,Lemuel
Ndeh,Promise
Ekpe,Osuman
Agbenyeavor,Atakora
Baffo,Cessar
Akoto,Emelia
Abanga,Darko
Abrokwa,Shallot
Kon,Stancy
Eshun,Leslie
Dodzi,Sampson
Yeboah,Charity
Twumasi,Sadam
Omanano,Katiama
Noora,Sakina
Berimah,Sandra
Boakye,Larry
Gaane,Sheriff
Torma,Gilpag
Adutwumwaa,Jaado
Ayamgah,Memem
Tawiah,Haruna
Donkoh,Lia
Sackey,Sirina
Asumani,Fred
Ametepe,Derrick
Abdul Zakari,Olivia
Usman,Wahab
Kpe,Grace
Ekem,Kojo
Kpornuglo,Mustapha
Suleiman,Mawusi
Bukari,Tepoabila
Nadi,Koligu
Dire-Inyong,Rahi
Abdullai,Nafisah
Osei-Boateng,Denila
Kaku,Boare
Asiedua,Tuley
Bukadi,Lamisi
Ahadzi Djan,Namsa
Oladiti,Gbanbon
Domeher,Wise
Haruna,Erica
Musa,Stella
Habib,Jawuhada
Asumah,Florence
Issahaku,Geneviene
Salifu,Aminatu
Simsah,Fusheta
Razak,Hawah
Essel,Nancy
Ajara,Mayina
Yeboaa,Linus
Ndabe,Katumi
Badu,Nbabey
Baah,Yirigutey
Agbley,Karimu
Ameyaw,Dititub
Tchabi,Dorcas
Karigoni,Ata
Akuaku,Clement
Gyansah,Kuulieryir
Bekoe,Diabiir
Nana,Josephine
Aynaobe,Humi
Boney,Mariam
Arthur,Aikins
Ebenezer,Nakojah
Akwasi,Damoah
Glavi,Safura
Mwinkum,Nyaaba
Dendiok,Maliki
Asiaduwaa,Yin
Serwaa,Ruth
Kudzo,Pusaktiba
Affum,Atipoka
Nkemene,Eward
Awuni,Edem
Tahiru,Emma
Nelson,Ntapoa
Bugli,Kobina
Keketsyor-Agbo,Rahinatu
Amegbor,Zulaya
Abubakari,Juawie
Esum,Fremah
Akanbe,Zahra
Obour,Ishaw
Anane Yeboah,Steve
Nipah,Yao
Glover,Umaru
Boamah Osborn,Jalo
Owusuwaa,Juliet
Sika,Salomey
Foster,Bintu
Ankrah,Kingsley
Yorta,Arafat
Basigi,Arishetu
Polkuu,Hamadu
Blay,Mattew
Abobea,Poanaba
Fauzia,Poawuni
Essilfie,Azara
Saajo,Godslove
Abanfo,Sylvester
Quaning,Enock
Abugrago,Frances
Puozu,Okai
Issaka,Matilda
Andani,Elijah
Daata,Iddris
Antwiwaa,Nkansah
Azubire,Najo
Gyamfi,Job
Batanyi,Biigba
Adubea,Miriam
Yamoah,Munira
Shakie,Bakari
Dansoh,Hanabeh
Kyei,Amankwaah
Bortsie,Rita
Dizabra,Adiyatu
Dagbandoo,Divine
Boabil,Jack
Clement,Hawawu
Dabadoo,Ransford
Gumah,Nampaala
Debe,Adizatu
Sandow,Kasua
Abena,Munya
Attia,Amenu
Kolgu,Stanishlove
Amissah,Samata
Osei Afari,Akafaare
Gyawu Kwame,Oheneba
Mansah,Vivian
Foaa,Philomina
Opare,Fatimatu
Jesbright,Afsatu
Essoun,Abubakari
Otchere,Asore
Sakpitty,Idrisu
Mahami,Angela
Adzi,Rukiatu
Bunyah,Aba
Naa-Uuno,Lantey
Kuukyuune,Bamba
N-Lewie,Esi
Direh,Benedicta
Imoro - Ka,Atibli
Tee,Jones
Dietnuatey,Bukari
Bossu,Collins
Amihere,Odjao
Bagyileku,Nicholas
Kwofie,Douglas
Ampomah,Durowaa
Alihu,Celina
Vorsah,Afan
Afriyie,Owusu
Morgan,Mouricia
Afedi,Helen
Amanu,Awabu
Danso,Kamal
Naamwinkuu,Kanyiti
Narh,Ayisheitu
Alofa,Sei
Yelfaadenew,Baba
Ikore,Anonwine
Baala,Colliins
Duut,Ayimpaka
Addae,Arabia
Sulley,Savaina
Ninson,Kipo
Amoako,Mawuli
Bigme,Khadija
Nyanba,Attah
Ofosu,Manfred
Mumin,Malik
Awine,Mayi
Kumah,Faruk
Boadi,Dasmon
Bandong,Ndeni
Gbana,Maah
Akurigo,Fusheina
Oteng,Kadijah
Kasim,Sadat
Daga,Sumaya
Boss,Adom
Akpalu,Winfred
Sambo,Mobina
Mpunbe,Mihleokpo
Nyan,Muniru
Adzramator,Adjignon
Fiagbedzi,Bigimgban
Combet,Inusah
Kpodo,Marku
Nengwie,Agossi
Issifu,Tei
Tabong,Steven
Kommey,Peace
Agyeiwaa,Mark
Sumani,Yayah
Asimenu,Gerald
Badiako,Alfredina
Zutunu,Kuunibe
Ayitey,Tracy
Abdul-Rahaman,Salam
Botwe,Ayi
Deku,Atandaa
Kwaakye,Kusi
Samah,Afriyie
Nkuah,Gafar
Lavi,Niema
Assuah,Apodita
Broni,Kande
Sanda,Henry
Nti Boakye,Dina
Akologo,Ganiu
Bawah,Wakaso
Michael,Selina
Danaa,Safianu
Elikem,Issahaku
Tsidi,Klenam
Kuwornu,Franklina
Gyamfuah,Abila
Ama,Ofori
Osei Mintah,Ellen
Amaglo,Amma
Adu-Amoah,Amankwaa
Ohene,Fuseina
Tahidu,Ataa
Akosah,Habib
Lusah,Veronica
Otoo,Anane
Adutwum,Ben
Ntoni,Nurudeen
Amina,Merlin
Kaata,Sualei
Yemofio,Muosayiri
Njomu,Domekyille
Chaaba,Salman
Alhassna,Theophelia
Dapaah,Akalifa
Odoom,Lawal
Agyekum,Afi
Tetteh Ahenakwa,Twum
Gyato,Dotse
Togumbahiya,Memuna
Iddisah,Larbi
Nino,Bin
Baabolor,Alexander
Anthony,Awini
Empeh,Howard
Annan,Naantan
Tabi,Kwesi
Mintah,Jnr.
Amo,Asare
Laweh Tetteh,Safiya
Batsa,Sumbawua
Gyimah,Hudu
Atinansa,Vineyard
Torglo,Apiawin
Daudan,Jibril
Andorful,Ophelia
Adofo,Adams
Abdul Rahaman,Osei
Parker,Amoponsah
Kanpol,Pokuah
Zigah,Christiana
Billa,Fosuaa
Pelaaba,Elizebath
Ahiagba,Anaaba
Bugri,Casford
Benewaa,Jeffery
Lukman,Ndebila
Abdalla,Badu
Addo-Nana,Zotor
Sosoo,Naah
Nuhu,Donatus
Abalsi,Miracle
Akyam,Clinton
Adenaba,Delali
Baahyia,Poku
Kennetey,Justina
Adzakpasu,Wendy
Fuachie,Chiebini
Mahaman,Paradise
Abdallah,Safa
Kandara,Amos
Doku,Percy
Ayekoba,Victor
Sayibu,Nashiru
Atiah,Zinab
Abas,Voyo
Aryee,Azaratu
Matey,Kenneth
Nkwafi,Sualisu
Kobinaba,Emmanuela
Danku,Ayatu
Cleland,Zinatu
Anafo,Chalotte
Akyere,Yirizaa
Asare Ntow,Theresah
Abdul Razak,Debuo
Atinpeg,Ophilia
Awuzi,Bugli
Tiwaa,Awenbisa
Eali,Ankamah
Wajak,Abdullah
Abaikey,Barnabas
Darkwa,Sharif
Pomaah,Rashidatu
Adasa Nkrumah,Lebene
Serwonu,Awine
Badua,Bilaban
Akanfewen,Muktar
Piesie,Abla
Acheampong Kwarteng,Bamoni
Duah Sarpong,Koduah
Bonsu,Monday
Mireku,Mahama
Sagoe,Agyapiri
Bougo,Prosper
Kpornyo,Marriama
Osei-Tutu,Nuhu
Daabre,Zuwera
Dangimma,Ashetu
Basoama,Sadik
Kojo,Rahama
Sarkodie,Abbew
Benegamabo,Bangfu
Eshawu,Najat
Atuah,Zinidong
Pekyi,Binfulnya
Essuman,Adzo
Asibi,Dorothy
Nyelaayen,Haggar
Jeddi,Liwaal
Karikari,Cathrine
Akompi,Jasmine
Amanfo,Eng-Ewala
Ahmed,Karim
Afukey,Kwarteng
Toseafa,Fidelia
Akuriga,Issabella
Koutouadon,Adjeley
Horgah,Fatimata
Mustapha Chango,Amaata
Forson,Gbagbemle
Sanika,Raphael
Natogmah,Hans
Kwakyewaa,Vincential
Hidiri,Munata
Bima,Humaiza
Tinbaya,Nabari
Francis,Derick
Quayson,Akologo
Ayine,Zenabu
Adzo,Kontuo
Saibu,Nyarkoa
Aggrey,Juana
Faruk,Nii
Takyi-Mensah,Tawia
Muniratu,Sikpete
Kwaku,Mubarik
Adamu,Kwadzovi
Zumisaw,Pamela
Amankwaa,Mamata
Poku,Kumarsi
Lamptey,Nampar
Hawa,Ababio
Bamfo,Angelina
Arko,Irene
Boansi,Livingstone
Dakurah,Frimpong
Basile,Sabina
Gbadegbe,Adjoa
Hammond,Shafiwu
Kodei,Constance
Gameti,Asiha
Malin,Huseifatu
Naa,Rafiatu
Tano,Tetteh
Adoko,Shalla
Ramani,Sherifatu
Kwetey,Bamunu
Nii,Nweba
Asang,Agatha
Jayem,
Nargeh,Adiza
Tettehtsu,Majotiba
Amoata,Grumah
Azumah,Vanessa
Sugri,Safiatu
Hilla,Manuel
Smith,Brigth
Darkoh,Clifford
Braso,Mudasir
Bandei,Agbafa
Fosuhemaa,Lawrencia
Class-Peter,Nelly
Dery,Sadia
Zalia,Azot
Gbaga,Ummu
Obuobi,Aliu
Tangua,Zuleha
Zigre,Atule
Kogyakpa,Ankawiise
Offei,Adama
Abudu,Soale
Abass,Isdeen
Akurugu,Rakia
Daniel Dickson,Sheila
Pokua,Hammond
Nashiru,Asamoah
Akane,Benson
Gmafuda,Kyere
Dabla,Naasei
Sokpor,Jonah
Mankua,Hardi
Damayire,Agyemang
Masawudu,Hajua
Astu,Kobena
Nartey,Kaakyire
Mohammed Sambo,Lawuratu
Afelibiik,Matthew
Godzi,Notyours
Saani,Bichoriba
Awudi,Alice
Ntim,Lartey
Ofosu Hemaa,Dinah
Apala,Kotonja
Ayebioh,Theresa
Amoasi,Pudool
Takyiwaa,Ibtisam
Jamil,Fatau
Yahayab,Enoch
Seshie,Lawer
Siedu,Brefoh
Anderson,Kpedzi
Yinzoya,Harriet
Aprakuwaa,Israel
Nti,William
Komla,Magusi
Owusuaa,Tunde
Akor,Latif
Philip,Bill
Amedekanya,Agarisi
Bilihaki,Misca
Kodia,Atsu
Egyir,Dawuda
Nole,Stephany
Yidana,Hawlat
Gyebi,Agbee
Tengzuyele,Ablavi
Dwomoh,Joe
Ababile,Noah
Adu-Asare,Issifu
Fiadzigbe,Sarpong
Naleru,Boateng
Yusif,Sabastian
Christian,Basiru
Muah,Miftawu
Asakiayamga,Sarah
Osmani,Rafia
Peyton,Tano
Gingasi,Dont
Laar,Krubil
Akanjusi,Bawah
Ganyo,Sule
Amamata,Barika
Lucan,Amishao
Awortwe,Listowell
Moses Baffour,Oscar
Biamah,Anatu
Gariba,Hafsah
Akwaba,Adriana
Goluna,Antwi
Doudu,Yohane
Jobue,Awinbila
Akuoko,Festus
Owusu Mensah,Veracity
Panfo,Macjordan
Mary,Ivy
Asuako,Mariamatu
Omane,Tony
Awlime,Belitoi
Brempong,Aseitu
Narhkorli,Zephyrinus
Sasu,Eva
Baffour Awuah,Ike
Dzifa,Eugene
Fogan,Kate
Animah,Gona
Osew,Charllote
Somah,Kubura
Abuga,Lord
Maison,Fuachie
Namuyere,Ismaila
Sarkwah,Goodboy
Kakari,Kojoma
Ampeih,Emmanuella
Osabutey,Evaluna
Afirifah,Elkana
Ayulum,Andala
Yaa,Fidelis
Takyi Mensah,Dziwornu
Mandibi,Titus
Quatariga,Dede
Duvor Senyo,Halima
Obiri Asare,Fusaina
Coffie,Dorbert
Chris,Anorld
Agyare,Locobel
Agyeman,Amidatu
Amaquiel,Efua
Wassiu,Glah
Amoakoh,Kakra
Napari,Ronald
Shaida,Abugure
Frimpong Anane,Awinsuma
Busah,Ernerst
Guaa,Boatemaa
Bafinne Jb,Balagebakwo
Nuru,Meshach
Adom,Jefferey
Kavi,Celestine
Sankaa,Portia
Bofa,Amoabea
Amedoko,Essilfi
Amponsaa,Jafar
Nagel,Maclean
Kuuyel,Marconi
Umborkan,Zelia
Kwarteng,Rahaman
Anim,Jibriel
Okoma,Noble
Yaw Andiere,Moro
Bissi,Abra
Akugri,Fuseni
Kobiri,Jordan
Boampong,Sherita
Kyereko,Rosemong
Mawuli,Timothy
Adomah,Hajara
Gyasi,Mawulor
Jacinto,Takyiwaa
Tijani,Manu
Afrifa,Asia
Yankey,Opoku
Abatso,Famous
Framah,Biatrice
Sarfo,Jamal
Amofa,Saraphine
Layiya,Gyankomah
Champong,Agilim
Dubampeh,Apogbire
Nyarkudo,Lumor
Boahemah,Mayaligi
Ntiamoah,Awal
Bellukuu,Ami
Fosuaa,El-Amahd
Kporo,Esinam
Dawuo,Atiama
Zoyah,Mabel
Ignacious,Ishmael
Bashiru,Kankam
Atiim,Tiaganiru
Paul,Adumbele
Bentil,Reuben
Achinani,Edith
Mbayeya,Zakaria
Gamor,Mahamoud
Anongre,Sir
Akanane,Fiifi
Joe Sam,Rocky
Nlenbi,Paakwasi
Ativi,Usman
Sabbah,Saviour
Ansu,Elen
Jetey,Becky
Akanvarichaab,Nathan
Akanchinkpai,Shekinatu
Ackom,Asiya
Siaw,Ningnabeim
Dawura,Hadi
Habibu,Mukasha
Bekaar,Santos
Abdul-Mumin,Reindolf
Baazeng,Farid
Draman,Dungaadi
Saah,Nnahadumah
Silimbu,Amoanin
Asigbey,Afrakoma
Nuobesier,Kogh
Nyamekye,Lumorsi
Asana,Akhassan
Gmabih,Leo
Faabaar,Hassan
Tsutsu,Berko
Nanjan,Junior
Ntaabe,Bertha
Otie,Aduabono
Atwena,Nasiru
Drah,Dankwah
Kuenyegah,Morris
Basse,Senkyire
Musarh,Candida
Gediya,Farida
Kwasiwa,Opare
Bunkuree,Griffix
Osafo,Jamilatu
Atatsi,Kennedy
Bimgmasein,Fosu
Nasar-Gbal,Twumasi
Dataab,Foster
Sakyibea,Kaldo
Djangmah,Similac
Gagla,Anan
Sumbe,Kassim
Nyarkoh,Rahman
Kankam,Humprey
Nagaayen,Ismail
Anane-Antwi,Azuure
Okuma,Sadic
Dela,Perpertual
Ashetu,Kobby
Coded,Pepertual
Sueley,Bemah
Agbasi,Amonu
Chame,Owoahene
Nkromah,Futie
Attrams,Bernice
Adza Torgbor,Addo
Juldeh,Freda
Ageyoomah,Napuro
Abakuri,Aning
Pari,Bushiratu
Benyin,Shella
Toglayeng,Urbanus
Adayiri,Hagan
Kraku,Ayona
Enyan,Aboagye
Abdul Jabar,Atik
Amaniampong,Aishetu
Akasigiba,Tina
Attakora,Vitus
Banka,Konadu
Haryey,Laila
Djanie,Manarteh
Sofo,Harold
Piirong,Agana
Akpar,Fataaw
Mohammed Haris,Fataw
Bigah,Iddi
Hanyrah,Yaya
Akomaa,Aduko
Abdulaih,Yaba
Nyoja,Oshamatu
Asirifi,Sikena
Osei Kofi,Zuberu
Hamma,Azimi
Asongtaaba,Alima
Kabenee,Adisa
Akpaku,Akayuure
Abugri,Tahiru
Qwasi,Teni
Anning,Derry
Yeboah Dei,Morton
Korkor,Asanpana
Akrugu,Teye
Baako,Agyei
Laetey,Kabiru
Agagiba,Sham
Odura,Amaama
Ashitey,Saalu
Breman,Ashatu
Abdul Aziz,Nawome
Pappoe,Ahin
Babacap,Nabaa
Ngambi,Sampoa
Benyah,Jumah
Nunekpenu,Nene
Bediako,Manaaf
Ndio,Abubakar
Amedzrovi,Meri
Kpormegbe,Upah
Nuakoh,Darfour
Anobaah,Ablah
Muntaru,Gwalase
Blaboe,Sualey
Abdul-Halidu,Kabayire
Baffour,Gordon
Azorbli,Ayadago
Nimo,Williams
Kukey,Akumimah
Goodman,Gmabani
Bikpom,Zaayetogu
Mansa,Duti
Tampuli,Bashiru
Agyaklo,Franklin
Adugbila,Wie
Sopelle,Wiafe
Sowah,Hamsheitu
Adjetey,Atupoka
Hodo,Mantey
Kyerewaa,Baatoware
Saba,Timorlibe
Asigni,Nafiu
Kumiwaa,Leonard
Atinko,Enyonam
Abdul Karim,Cosmos
Samob,Lazarous
Klu,Sitsofe
Gone,Kumson
Adongo,Werempoah
Jirbaa,Clara
Eduagyirewa,Immaah
Baasare,Kanaa
Nipaah,Ayakinan
Owireduaa,Aditarema
Obiri Yeboah,Aabenyaay
Aglago,Sabra
Surazu,Sekwo
Masiku,Chiwo
Akobaanana,Donkor
Bavug,Vinayire
Mort,Nsandoh
Manso,Morgan
Akrofi,Zarni
David,Muazu
Bakuoru,Nakira
Nketsiah,Zelhiya
Aduateh,Rosemond
Anaam,Aishatu
Adutwuwaa,Meli
Tanko,Siaw
Alhasan,Katiga
Odai,Rahana
Jagri,Sadick
Atikpa,Rahamatu
Nam,Nusimebia
Agbezudor,Philemon
Anagba,Awie
Issac,Kwamla
Boye,Husein
Agyepong,Koku
Benson,Kane
Nsiah,Ntow
Osaah,Lucky
Vifah,Kwamena
Eding,Nimori
Gyabea,Thelma
Adobire,Ayine
Ayuumah,Banyambu
Fataw,Ngeegmami
Kholi,Shadrack
Kuntin-Mensah,Zifma
Owusu Ansah,Sunday
Okai,Adengtoge
Aleefi,Ndomoah
Faah,Bayigma
Atubiga,Perfect
Osah,Roger
Ishaq,Kismatu
Dugbatey,Inuusah
Agyei Kodie,Warisu
Kpakpofio,Akonsi
Obuor,Anass
Amankwa,Catherina
Teyegaga,Timbeya
Mpoka,Hanifa
Akyeama,Ayenpaga
Pupuni,Ngminkaar
Darkowa,Majeed
Afare,Socrates
Alizarta,Teiku
Nagbeteg,Smailah
Anokye,Adjowa
Lamba,Joana
Ocli,Washifa
Atampoa,Bula
Borteye,Dacosta
Duah,Lady
Oti,Matey
Abayah,Kpenaba
Ampofo,Joyceline
Afrane,Kutajera
Yamba,Cletus
Sam-Awortwe,Wobube
Kwatemaa,Oliva
Boamah,Roland
Kyere,Matina
Worae,Quaye
Asaah,Shetu
Gandy,Sawdatu
Fowaa,Araba
Havor,Sinwomba
Ferguson-Duncan,Wadud
Djiwornu,Appenteng
Bisniti,Kwateng
Laanyibo,Bamatu
Tong,Zuleiha
Nandi,Ephraim
Abebrese,Frafra
Akuako,Fafa
Sipatey,Samed
Awotwe,Mawah
Sidiq,Boadi
Debrah,Susanna
Agyenim,Bonye
Akomoyide,Sherif
Ata-Eta,Takinuo
Awindago,Boahen
Amalbo Abanga,Azilim
Dovlo,Enkpaa
Esaah,Masawudu
Abewene,Denis
Suale,Vandyke
Abuomanbang,Jemima
Madi,Panyin
Nsowah,Ato
Alex,Appau
Bidaba,Samson
Ali-Sankye,Suley
Mafarm,Oliver
Azuma,Valantina
Abdul Wadu,Kogoriba
Adama,Ruby
Eliasu,Edmond
Adam Yussif,Dayome
Yendor,Coliins
Pokuah,Zuwa
Nablah,Henkel
Neizer,Lukayatu
Kusi Appiah,Ziblila
Asare Boadu,Josphere
Mlorfe,Enmma
Gajere,Adjei
Alorgbey,Jibrian
Abaguri,Wadongma
Yeboah Bonsu,Gyinnookuu
Kwafo,Willinton
Hasford,Abdallah
Arkwah,Jossy
Akuffo,Muntala
Asampana,Nubama
Fofana,King
Bludo,Miena
Djandor,Talent
Gyagri,Kyeremeh
Okoe,Gabah
Begani,Anani
Akuffo Addo,Amori
Avinyo,Akos
Yaseim,Poh
Asigli,Darlington
Angbangkuu,Mabukin
Mengne,Nimotime
Nutsugah,Yidana
Apiid,Ankomah
Koulalodji,Sahada
Mante,Eskido
Keke,Naziru
Fianyadzi,Harrison
Dagarti,Amabley
Anum,Osmanu
Kwaw,Tigota
Mustafa,Rexford
Rahaman,Sualihu
Sanusi,Lassitie
Fifa,Assibi
Sumilia,Zubawu
Oseikwameaddae,Bazoumah
Ebow,Udinamoan
Cobbinah,Confort
Korankye,Ekua
Rahman,Roselyn
Boakyewaa,Mbamah
Issa,Sekina
Nohaaro,Kepaga
Sunkari,Bubakar
Maccharthy,Xordzise
Abbam,Zeinabu
Otu,Ponaa
Ameviedzi,Zulkanen
Spio,Mante
Thompson,Perez
Akomaning,Movetaah
Agorme,Benard
Azaglo,Masahudu
Fobi,Wusamba
Apoh,Nnadamor
Sirstone Dadzie,Buba
Tsedey,Busura
Badzi,Fadelatu
Nudzor,Sisu
Boah,Akulongnapoa
Dzoka,Sherifa
Oware,Fishata
Tabyari,Taiba
Bentum,Amama
Norteye,Nfrakangma
Obo,Lovia
Nukpetor,Anna
Boto,Ablam
Hamada,Aketenga
Aziku,Yohanes
Amonotey,Basmatu
Agoanya,Daivd
Avornu,Batuyee
Anatu,Zalisa
Gaba,Berikisu
Kyibineh,Eyivi
Ackah,Ganiru
Hall,Azindoo
Tei Nash,Azisu
Gazy-Kwah,Seto
Amoafoawaa,Oklu
Holi,Fokuo
Desuwa,Gurise
Gidimadjor,Asakiwine
Nawaama,Dare
Hawawu,Asumahu
Cheerz,Atampoka
Kumi,Daripog
Selina,Akuvi
Salamatu,Onwohah
Naabi,Lukeman
Dugbartey,Mawuko
Sakyi,Bawa
Samira,Elsie
Odonti,Abudul
Quarcoo,Huzeima
Abisiwine,Richlove
Bejam,Suzzy
Agboado,Nganuwuni
Kotey,Prudence
Sodong,Sani
Ahulu,Andy
Nyantakyi,Tanko
Awuah,Johnbosco
Afonope,Rolando
Dagadu,Basit
Mankata,Nathaniel
Dondieu,Nicholson
Agyebia,Ewuraesi
Anin,Lilian
Agbeko,Reginald
Amenyina,Akubire
Otemah,Kado
Jallo,Thywill
Agon,Bugre
Andor,Courage
Klagei,Banaetina
Tenkorang,Halovi
Boahemaa,Mubarack
Friday,Hindetu
Agbewavi,Atia
Agbovi,Safuratu
Agyarko,Amoako
Abdullah,Mordrita
Lomotey,Kpaarepnaaya
Djansi,Kankani
Harito,Geneviev
Adu-Gyamfi,Khadijatu
Muniru,Abass
Agbeve,Yemoh
Ayakadi,Brigitte
Okyerema Agyaben,Wuneiya
Amegah,Dodzi
Atikpo,Enny
Toko,Ishawu
Borzah,Rejoyce
Fuseini-Iddrisu,Salihu
Djagbletey,Kyeninko
Sadick,Godfrey
Pomaa,Teng
Otsi,Lawely
Bio,Sajah
Boyle,Confidence
Asokomiriba,Kasim
Tanoh,Jane
Gyabaa,Yero
Ayuba,Gbedemah
Yanah,Nyaw
Osei- Prempeh,Jovial
Berkai,Anyass
Agbanyo,Dabure
Beneakye,Yusif
Kpolley,Anang
Tukpue,Kotoka
Mantey,Aaron
Dzirasah,Johnson
Nikoi,Jerrison
Adabogo,Andam
Yawson,Nsoh
Apochie,Akamba-Ase
Agboka,Mayqueen
Akelinyana,Atitso
Blankson,Abudu
Ansah - Dentu,Gyamfuah
Jonas,Celestina
Agyebea,Salimatu
Dagong,Suwaiba
Fiadowu,Luka
Azigi,Fatawu
Hagan,Linos
Suari,Armstrong
Fiankoh,Pijoy
Kyeraa,Dankambari
George,Dari
Awiah,Basig
Sallah,Sommed
Korang,Shamsudin
Direyeng,Mukhtar
Azu,Lucilla
Agbaglo,Edwin
Asalimah,Dosia
Yeli,Caroline
Nketia,Theodore
Amoatey,Sadiq
Addy,Sakeina
Adjei Annang,Abibata
Abugre,Rafiu
Barimah,Nas
Abdul-Razak,Mustapher
Atiapah,Sanfford
Sogbadzi,Saahuno
Kyei Badu,Zoarnarch
Abebleh,Hellen
Ayiku,Andana
Akorsu,Razack
Mawukpemor,Sobara
Tutu,Maina
Lawal,Barfour
Ziizigah,Donald
Vodo,Ang-Sonomah
Noi,Naabatuno
Kluvi,Selorm
Ashirifie-Gogofio,Barkatu
Ahiadzo,Beauty
Apeletey,Komla
Johnson,Kamail
Konamah,Forgive
Osei Yahya,Zenab
Danaabu,Kassimu
Tibila,Dautey
Saaka,Doreencia
Forkuoh,Panipuo
Amin,Huzaifa
Kolani,Sawude
Otabil,Elyan
Oguaah,Peggy
Puozoolah,Ruben
Dagaati,Gafaru
Offin,Dornaritey
Adanyo,Ahadzi
Duniatene,Sally
Baga,Caleb
Jonathan Attakora,Wuriatu
Adwoa,Aminau
Kelleh,Theodora
Tamaklo,Archimedes
Ntesonbom,Salomay
Waama,Kofivi
Dwamena,Jerome
Aduful,Gameli
Bangnabyi,Tenee
Asilenu,Debrah
Gbedze,Love
Husseina,Matinu
Derry,Gadafi
Jampo,Zachariah
Dankwa,Philomena
Ayim,Ameyo
Asabea,Lauran
Dansoa,Paah
Samuel,Oko
Sedoameda,Baah
Essuma,Yeji
Afari,Sammilia
Anaba,Rahima
Atingabono,Fouzia
Venwullu,Maridia
Adise,Waida
Ajuik,Maliya
Pinamang,Nasiba
Sewornu,Sussana
Yakah,Hakim
Afra,Archnophus
Ababio,Maame
Emmu,Wasira
Odigya,Amponsah
Hean,Zakari
Akunzuo,Ignatius
Ngmertey,Hunsah
Abubakar Antigwe,Manasseh
Asor,Adzoye
Dakura,Muayigma
Akalangne,Brandina
Balagumyetime,Seyeni
Majison,Mashu
Bawuah Frimpong,Santus
Akoko,Yawasi
Opoku Ware,Kalidu
Suleman,Jina
Zida,Prisca
Nkoah,Alahibila
Tieku,Liimah
Mamuda,Mmabila
Gyamerah,Apolinya
Osei-Tether,Toliledey
Alimatu,Asinvoole
Enchi,Domfeh
Aferah,Abu
Atiiga,Valatine
Bedah,Nanong
Cobbin,Madania
Asempa,Dome-Ire
Okwan,Adu
Kalo,Juventus
Asomaning,Zopog
Lawer,Kuupaa
Obed,Frankline
Karkoh-Ampomah,Ayuba
Wepaayira,Tii
Okantah,Zinnendoma
Yakuba,Rafate
Kachson,Zumasinge
Krampah,Banoemulee
Nortey,Salamata
Litowi,Yagmaa-Dome
Fadila,Tamimu
Japo,Hosoo
Kwashie,Edna
Dampoh,Dangyi
Bonney,Mashud
Owusu Frema,Kunsorta
Yirebo,Yisengnubo
Abdul-Fatawu,Shanunu
Bellengo,Agamah
Adotey,Jeff
Fabea,Damata
Gyan,Sefakor
Agbetsi,Naabu
Entsiwa,Azure
Awembono,Zainabu
Yamuah,Dzifah
Emelia,Mahamud
Abdul Hamid,Paulininus
Ramatu,Aku
Bilato,Afayome
Babaman,Mastura
Abraham,Ntisan
Jakodo,Solisi
Owiredu,Lagazani
Wajah,Awaayaa
Dau,Archibold
Bimpong,Kamaatey
Ayemvoa,Olagah
Gyabaah,Mawunyo
Poakwa-Antwi,Megbenya
Anzowene,Manankan
Appiah-Agyei,Hlordzi
Abane,Bakumbi
Kudji,Nyajasan
Anyoka,Ezeni
Anyare,Amuzu
Kobi,Midzengor
Someh,Bube
Dasu,Mathers
Seninam,Fadila
Aminatu,Nboratuln
Yirama,Saudatu
Issaku,Gbulimpo
Braimah,Nilimocha
Nabila,Vidda
Agorogo,Hamdu
Kombat,Kamal-Deen
Ayittah,Texas
Azotigangre,Hanifatu
Dokyin,Meimuna
Anachinaba,Marlonyn
Abaabagre,Naggy
Asa-Ema,Damian
Karim,Afishetu
Bayor,Ridwan
Joseph,Josephe
Bokugma,Barbara
Akanbelikum,Sadique
Tuffour,Asumah
Sodjah,Ikimatu
Boadwo,Isaka
Ugan,Ahiave
Abdul Rauf,Abdulrama
Wakaso,Dzifa
Adjah,Chilly
Ouro-Saou,Ganyo
Mawunam,Awawu
Inussah,Kobla
Laari,Benilee
Jaato,Kuyole
Ulou,Osmana
Atitsogbe,Laakanuba
Alemiya,Bisila
Gbadagba,Malendi
Tweneboa - Koduah,Gari
Brafi,Saho
Rawuff,Ayaba
Mbila,Emilia
Sekyere,Precious
Ansomabadi,Phildous
Ussif,Kodzo
Maautu,Issiaka
Sami,Bello
Kobby,Jole
Asumbengya,Yarda
Adune,Bombe
Bello,Wakeel
Afoakwa,Habibu
Kunde,Mawiya
Ahamdu,Issam
Ndemele,Basha
Nsrawudi,Jaabir
Akyamaa,Saratu
Kyeremaa,Jabiru
Odoi,Sumani
Bapube,Salahudeen
Fiadzordzi,Majj
Kupolamu,Alando
Manaf,Jumai
Bonyuorkuu,Hanan
Andrews,Lukman
Bagna,Sedjor
Alouh,Ismanu
Mornah,Bruce
Asamani,Serina
Banige,Hibatu
Nibevila,Basira
Duodu,Osama
Abileo,Azumi
Isifu,Nusinyo
Achana,Yakin
Gabrah,Rufai
Combatey,Rabi
Jansah,Rahma
Gblorkpor,Marwan
Omar,Tahidu
Kontiine,Akoloko
Archer,Baby
Dokyi,Meimunatu
Damba,Falawiyo
Ohene Aboagye,Zakiatu
Ayariga,Mutalib
Gyamfua,Salia
Wakii Bimpore,Mariatu
Anumu,Kramo
Meda,Issahak
Dzadzra,Fair
Agombono,Yatasu
Yedu,Ajuik
Kobina,Ruhainatu
Otto,Kawsar
Tiborya,Tia
Ilboudo,Hadija
Amankrah,Latifah
Eduful,Ekilimah
Vuley,Ahamed
Amoh-Danquah,Modesther
Osabu,Suraya
Brakoa,Jawuli
Tigadaga,Jabir
Domfeh,Ampaabeng
Terkper,Fatahiya
Ofosuhene,Felatu
Apesem,Meili
Asiida,Dramani
Warye,Nafisa
Owusu Agyemang,Hamis
Koranteng,Gurumpaga
Sebuabe,Afiliwa
Vorodam,Mahamaru
Ayensu,Anas
Baffoe,Niendow
Asson,Jamiu
Dakpo,Maata
Torh,Awulatu
Dramani,N
Akobi,Binta
Laryea,Bachoe
Akatunibora,Yanabi
Okang,Tadime
Amedzah,Soffian
Taylor,Natogmah
Okain,Mabaik
Atingawurikiya,Babu
Amoala,Aziza
Atiga,Tanlon
Nabuli,Mahey
Uwumboriti,Belinda
Afrah,Ishmel
Aka-Obireneriba,Anifa
Aabeware,Salma
Basekwaga,Okasha
Simon,Dagang
Adjebu,Fusseini
Nugloze,Ayindoo
Abagna,Shafawu
Avisey,Ntesimboon
Fenuku,Sakya
Wepia,Zobila
Chirakem,Fintib
Addi,Ansana
Botwe-Coleman,Suryam
Okutu,Abang
Aketeh,Komkoma
Wudingam,Kojobril
Asuyapuri,Soore
Akyaa,Naaf
Sodolo,Akosuah
Sabit,Jeffrey
Gbedemah,Afiba
Ntow,Suleman
Abeka,Wusah
Issako,Raynolf
Oduro Addae,Sopila
Atawora,Kwamina
Boafowaa,Anafo
Boaheng,Iscobila
Awii,Jehoshaphat
Jimator,Elliasu
Apam,Kayiib
Naawu,Wahid
Akonnor,Bierimeh
Mamfoa,Arron
Sefa,Afisa
Azadi,Innocent
Azorko,Hidayatu
Amenya,Wafite
Armah,Wome
Agbesinu,Adishetu
Gyau,Manikat
Buame,Nuonta
Musah Hamidu,Biitutman
Ntandal,Naandua
Jalluh,Saabar
Dormenyo,Daapi
Alonga,Rahamani
Penti,Bluayio
Edje,Yamusa
Donyina,Lalgbin
Awutegapugi,Malia
Badiere,Bilafabin
Bismark,Soundomah
Dakwa,Gaeten
Kodo,Kayaba
Nyonsi,Mahatu
Nakoja,Porngmaa
Aduko,Towun
Afrakoma,Saajo
Baeebu,Salah
Attiegah,Sulemanu
Baatin,Abdullahi
Tuomenyo,Zaliya
Ukpah,Sissala
Binantel,Tania
Domabalie,Rukia
Narobi,Joan
Ayivi,Ofrenda
Saadem,Fridaus
Nyogtege,Semiratu
Yankan,Shefawu
Acheamponmaa,Jalila
Mwinitori,Adijatu
Amoaning,Bartholomew
Ntow-Djan,Pierretta
Sodoli,Jacqueline
Anyangba,Kharis
Biyi,Tibe
Naah,Angnuma
Anowaa,Donluoro
Tiwonbey,Dimah
Neequaye,Godo
Adabla,Warama
Nanyaa,Juwina
Boatey,Sahara
Carbonu-Mortey,Baluri
Owusu-Ansah,Tonsuglo
Suleimani,Zeima
Churchill,Nangsobbeter
Isshaku,Abdanla
Yadua,Yelisigre
Sadzi,Lasawu
Agossah,Garataa
Koare,Hatonsuglo
Akabange,Sala
Muhaideen,Hamid
Zindel-Kuun,Dore
Nansen,Buomah
Yunyan,Tongbani
Kodom,Azakia
Afanyo,Angbangma
Obeng Opoku,Kormi
Ghali,Kudzo
Agyen,Bennywood
Essien,Kadiri
Braima,Bemjamin
Aweyaga,Kwadzo
Afayome,Gyekye
Ayesi,Carlos
Asiamah,Nawomi
Ampim,Awentinsak
Eklu,Fatao
Obuobisa,Balori
Ayitey-Adjin,Dery
Bowurol,Yelbon
Hodedzi,Tangwadogu
Ebo,Kawarayiri
Ohene Agyare,Jennefer
Manche,Ameen
Gyimadu,Saibu
Ackar,Issaku
Edze,Kuubeterigaazie
Tweneboah-Koduah,Boabuo
Natter,Dapilah
Borkor,Lizu
Kpaliat,Babouyiri
Alhaji,Dedo
Oduro Amoah,Amankwa
Issahaq,Bowen
Amiliku,Alale
Gbeze,Saadia
Mbanwon,Kadir
Ayeebo,Siaka
Awusi,Yaah
Maapeh,Bifei
Dzidzornu,Lamatu
Akuka,Matilida
Ayo,Akosuaa
Bommo,Sambo
Ayaaba,Florece
Acquaye,Simbo
Ampong,Seraphine
Ashilley,Dotseyvia
Koubil,Toro
Jampah,Lookman
Ngyara,Romeo
Akatse Tsesu,Sunwovieh
Dede,Jobignan
Owusua,Bour
Akurugo,Nabel
Dogyele,Ceasar
Abdul-Dramani,Illiasu
Essaawa,Naa
Tibuga,Asampandaa
Saasor,Racheal
Aklika,Koomson
Dotse,Griffen
Kwenortey,Dofui
Asuming,Ditchfield
Nabarese,Kayiratu
Yunus,Kuura
Ngmenyelle,Ask
Idrisu,Dogutiab
Ametepey,Zachary
Doh,Wadudu
Sebi,Gyamera
Victor,Mutaru
Kudiabo,Raafatu
Mashud,Anisah
Boakye Danso,Fatimah
Tolnyine,Sefeli
Nsuare,Asono
Yaboah,Conrad
Ayikpa,Winning
Anya Awuku,Bremah
Damatu,Andani
Dzokoto,Tampori
Dickson,Achiaa
Appiagyei,Suweibatu
Abadu,Kudjo
Akpaliga,Barri
Gartey,Amaliah
Bentsil,Mudiba
Dunyo,Awlavi
Turckson,Samudeen
Djineku,Shams
Pobee,Maaruf
Mwaabat,Bondinngo
Nimfour,Mulika
Kissiwaa,Mohamadu
Yahuza,Nwajo
Tay,Namma
Mamor,Terkper
Npoan,Habibatu
Wienaa,Federick
Ohenewa,Abduel
Ibrahim Faiza,Etse
Ayamba,Kwawu
Zeng-Yeni,Hananiah
Ayishitu,Yajimi
Agur,Talibatu
Agyei Yeboah,Kosua
Adjei Frimpong,Hajia
Banahene,Modesta
Alibanine,Abudala
Abrokwan,Bellawu
Aba,Zanabu
Duku,Enyabila
Kwamina,Caeser
Foriwaah,Gmayoam
Abrefa,Benjamine
Nsobuno,Frederich
Dondeo,Sam
Werekowaa,Mussah
Yakawonya,Ahorsu
Besseah,Kpabitey
Bafo,Lawrence
Ayipey,Nimoh
Tindaan,Datey
Gezere,Amstrong
Akanye,Toklo
Hesse,Noura
Atia,Mililiep
Biekro,Alifah
Ofosu Ababio,Phillip
Agbayiza,Alisah
Osei-Yaw,Mariya
Ndoli,Asiedu
Odei,Kwado
Ayeetey,Eliham
Afuugu,Issahaka
Kuorikuog,Ajara
Dadzie,Pipim
Annbil,Ankara
Nsowaa,Calista
Rakia,Kucha
Nawono,Dazuhoe
Forkuo,Fulaira
Saiba,Victory
Vanderpuije,Rashford
Zeerewie,Sesiema
Sonuuri,Dawda
Goku,Jaalo
Sosu,Leah
Ato,Wumbei
Imorh,Frdrick
Hilleh,Mack
Bagsipal,Kolgu
Bakuoro,Amissah
Asime,Fushata
Onumah,Lakia
Amenyo,Mbabe
Akpabo,Bayor
Baani,Ampomah
Ahin,Kalemu
Atobra,Dianbir
Bisaa,Sulley
Buabeng,Gbigbin
Bimodo,Obayermor
Ahiamata,Jessica
Ayuretolita,Tabaan
Afotey,Essau
Agbaklah,Jallo
Ocansey,Alafat
Horloku,Dziedzorm
Saman,Blibag
Baffoh,Asiamah
Nutor,Faisal
Touvi,Kodjo
More,Hanabe
Hodogbe,Radiya
Muwuli,Mintah
Baalene,Dordaa
Dubik,Plaaba
Billijo,Atampanya
Golightly,Akafari
Moah,Smith
Abibatu,Asibi
Yiriyor,Bakiatu
Daame,Prophet
Biekuu,Sampana
Ankoma,Tani
Achore,Atapen
Sebuabey,Ferguson
Apulla,Morishia
Aduamah Opare,Dura
Togbe,Eshawu
Dotor,Manzalayim
Angmor,Savana
Vandyck,Khadijah
Sector,Maye
Abebei,Farouk
Nyankomagow,Muniratu
Samba,Mubina
Afiriyie,Clemencia
Azaad,Kuma
Omaru,Biligban
Ahiamadia,Wayo
Mubarak,Akisbo
Otsabah,Oduro
Toklo,Kodwo
Sanwogo,Zalia
Atige,Ekyaa
Achiri,Atanaa
Twene,Jafaru
Essamoah,Niematu
Dembey,Akani
Nkpanbi,Mausour
Botchway,Ziinah
Ussher,Akangsugk
Aboabeng,Papakow
Zetticci,Nti
Kondza,Mena
Otorkunor,Khalifa
Baisiwa,Dzigbordi
Amedegbe,Bilihaki
Aubyn,Moa
Balung,Tengzuyele
Ferguson,Baka
Zioku,Arhin
Zibliela,Awuni
Awogaale,Laar
Alipui,Amamata
Osuman,Godbless
Tiboah,Silvester
Alade,Maadibe
Dodobatiah,Castford
Birago,Ndebela
Yobong,Shaida
Otama,Brimah
Newton,Wendu
Caloudji,Dargati
Atuliga,Viscential
Eglan,Zinabu
Awere,Azararu
Amon,Micky
Lawson,Shamima
Maamah,Nyakudo
Labugnan,Aayatu
Amarquaye,Ashar
Twenewaa,Davis
Bozie,Belukuu
Kwabena Nkrumah,Gyamfi
Lushinu,Bentil
Dumba,Blabain
Taponja,Muntar
Weyiga,Atsivi
Amonoo,Jahson
Poda,Henery
Basiru,Baamornie
Akateri,Akanchimkpai
Le-Eriwala,Alexandre
Tindan,Zuweira
Saniba,Sylvenster
Ntachula,Abeiku
Amuquandoh,Crowder
Asomani,Norbert
Abban,Padikie
Kundire,Marriam
Ansong,Bifinyi
Welbeck,Rukyia
Hamza,Hagah
Apreku,Wala-Labong
Kyibaar,Akimu
Isaaku,Kanyi
Akati,Anane-Antwi
Avedzi,Ingram
Fiagbenou,Isabella
Tenge,Sueley
Nkote,Maami
Laare,Saani
Asamanyuah,Juldi
Simpiney,Asheita
Awura,Rehinatu
Njonam,Bala
Dassaah,Churchill
Dzunyo,Adayi
Kortei,Maman
Abdellah,Bennet
Letsu,Nii-Kwei
Awunor,Gaalekumati
Mankoe,Osmani
Tinnuo,Rabbi
Nyefera,Hammah
Otey,Dufie
Babby,Adooziel
Akuetteh,Savannah
Anongya,Barima
Nutakor,Samirah
Govina,Nwiba
Bagana,Adija
Tsibo,Kafitu
Ayesu,Venessa
Joohi,Josseph
Mwinezie,Benevolent
Dramedzo,Orlando
Adogo,Nadia
Agbloe,Enestina
Gozo,Ummul-Kulsum
Amedeku,Ankawise
Awunya,Izdeen
Amarteifio,Mort
Kelto,Sumaiya
Kpagun,Indussu
Debi,Yuori
Puso,Raudatu
Aryeetey,Naam
Dzotepe,Etornam
Agbenu,Ayala
Torgbo,Mooro
Ahiable,Ishaq
Hadzi,Tulley
Jabit,Abraman
Afodoanyi,Lizata
Aglonu,Agalisi
Edubuador,Roy
Amwami,Lanyimbo
Matekole,Nandi
Wiafe,Regan
Maakakpier,Saliss
Hakpe,Ayambire
Amobea,Abanga
Newton-Sam,Nligbinim
Manubea,Mishawu
Ayi Bontey,Ariana
Anpare,Jagri
Atti,Bilitori
Ziug,Huzaif
Amoh,Pearl
Amoquandoh,Abeyoog
Agbedor,Erema
Avuletey,Maybel
Dzukey,Hanna
Zaanaad,Holyghostina
Inkoom,Serah
Titibia,Senyo
Amass,Mumin
Osei-Antwi,Lukas
Dornyo,Dor0thy
Afetorgbor,Arnold
Mawunyon,Amida
Ati,Kwebena
Azaledzi,Meshack
Adifu,Cassiel
Bedzrah,Agbeko
Apokiera,Agoni
Akuffo-Addo,Adwoah
Kwodwo,Abdullai
Dzisi,Asante
Anang,Godson
Atanga,Anasara
Kotor,Okyerema
Appoh,Benewaa
Fiawu,Mawulorm
Oklor,Boyle
Odoi Joseph,Nyantakyiwaa
Nukunu,Narkie
Abazeesi,Sarafina
Lanyo,Anapogbila
Bielakuu,Mayiligi
Quainoo,Kubra
Dorpe,Kwawo
Ayarik,Klinsman
Mumu,Pharell
Klevor,Mansuratu
Antiwah,Sham-Una
Dankyira,Yasmine
Alamboro,Mamoudou
Afatsawo,Paa
Nyameshie,Nyarkoh
Gyewu,Obido
Atruku,Boadu
Antwi Ofosu,Sakinatu
Bassah,Afiya
Munkaill,Duniatene
Suok,Rabiu
Etarra,Ntisinboni
Vidja,Munkaila
Akurisiya,Alisuna
Ampoh,Reindoff
Kuachinu,Mariamtu
Gibril,Majison
Nelly,Mashuud
Alimamu,Mamuda
Ohemeng,Atiiga
Buxton,Humphrey
Malboat,Ishimel
Manle-Dada,Majo
Dadson,Attaa
Abbeyquaye,Perpetual
Abaidoo,Bosse
Kwarpong,Mawuse
Setrana,Futi
Nuertey,Obasanjo
Agbodzi,Ening
Addison,Bushira
Dogbey,Basoah
Kuampah,Baabamang
Osonoh,Poanaa
Zaratu,Eliya
Dorkutso,Ayizoya
Alifo,Mike
Ayedzi,Leila
Robert,Narh
Torsu,Kwabina
Harvey,Lateef
Fianko,Boachi
Ahiabor,Daasu
Finu,Saanm
Fianle,Tebrum
Afram,Uyami
Dei,Bazumyin
Derby,Akanyure
Abakah,Yengliere
Abdul-Karim,Asiakngmena
Agbemavi,Fusaeini
Dziwornu,Nakurili
Gakoi,Nuami
Boatemaa,Jumain
Antwi Mensah,Maaiui
Duaful,Samini
Zaroog,Manan
Portuphy,Bigman
Apau,Sampong
Tetteh Nyumgbor,Kupoliamo
Lambduna,Manaf
Babongyere,Ellis
Tayon,Tienah
Amenyedzi,Gorden
Yayah,Zaanyetogo
Yembo,Issac
Ogoo,Wier
Laya,Edu
Aser,Ajoa
Nyarkoah,Nafiwu
Apenteng,Damtal
Hedagbei,Amankrah
Bani,Criss
Goka,Ode
Akyim,Sitsope
Ntiba,Reindorf
Appertey,Kana
Vorvor,Aka-Obineriba
Kweitsu,Yaan
Tackie,Emmnanuel
Osabuotey,Mauz
Fusese,Bouba
Brago,Doodi
Dordoe,Kumah
Lakapa,Kowobateni
Tielor,Namisobon
Forgah,Kormla
Fred Kofi,Nimoa
Amoah Niiquaye,Ban-Eebu
Bansah,Dagarte
Mills,Nyopu
Weittey,Baajimbiye
Etse,Mcathy
Bolaji,Thersea
Zabsore,Zieme
Amu,Merley
Ozi,Amoah
Hoenyefia,Serwah
Ocloo,Wasiru
Barnes,Galdys
Alemeya,Warris
Tabiri,Ortics
Ahadzie,Koare
Ningun,Ayele
Koutouati,Afanyo
Sarpomah,Costing
Rockson,Yonah
Yenzu,Alaba
Ardayfio,Daatey
Afoadu,Kweilotey
Bisugnam,Rafa
Dussi,Iddriss
Homatekpor,Saliwu
Gador,Catimey
Saalapuo,Susuana
Narh-Korli,Nopuoh
Ayiquaye,Killincks
Bayuo,Zacharia
Attoh,Npoan
Agyir,Kulanil
Ampadu,Zinyen
Atania,Ayiesha
Nurudeen,Sarfowaa
Gozah,Dan
Boabeng,Chrisantus
Ahia,Kutogiba
Muotaru,Zibelem
Micah,Emmah
Incoom,Addai
Boahene,Rakiya
Prosper,Hussein
Afolriho,Sure
Hinson,Waduoma
Sam-Williams,Gyenokuu
Yevor,Diamond
Mbir,Anim
Nukpezah,Abangah
Belko,Suhununu
Sadik,Obour
Gloria,More
Ketu,Isaiah
Stevens,Bakuri
Yunusah,Obit
Ahiaku,Sa-Ada
Anorkye,Obrako
Biney,Sector
Ankorah,Atteh
Tanimu,Osumanu
Anuweh,Tilijotob
Butsorme,Ameyaw
Douglas,Nanlah
Soka,Mbalebna
Kotochi,Ayiwanu
Donkuri,Mbama
Bodi,Solomaon
Dosu,Akepaga
Salakpi,Believe
Ofosu Boakye,Kokou
Obu,Balisa
Pratt,Awere
Asagba,Lukaya
Lapelai,Dionysius
Gali,Taponja
Atterh,Braimah
Lomo,Boushira
Opoku-Ware Sarpong,Akateri
Adocta,Laawerala
Sarbah,Fihata
Ismail,Amponmaa
Nouwati,Gaffar
Avevor,Nkute
Ageklu,Laare
Julo,Priscilia
Timbillah,Johanes
Dakong,Auguestina
Nyampong,Basmaitu
Ayish,Ewura
Essiam,Ganui
Adenyo,Azundoo
Mamshie,Matouz
Donchiir,Victira
Gbeku,Seotu
Annohene,Gurusi
Mamudu,Asmawu
Gidi,Faadimah
Adipah,Washib
Labonawura,Lugman
Mbrah,Sando
Appah,Togbe
Apogan-Yella,Aglonu
Bemah,Obeng
Larvie,Sami
Kuu-Burmah,Mbawin
Sonia,Nantwi
Naajor,Lillian
Doe,Matinya
Clinton,Kpodomey
Mujida,Ramsey
Sanyo,Ayiku
Moko,Mummin
Fiadenu,Mubarck
Adoni,Kparibnaaya
Kojovidie,Ntim
Xetor,Odoi
Agbogli,Agyekum
Banabas,Mambole
Mbemah,Laudwise
Jeadu,Bentum
Atiemo,Emily
Sikayede,Yaseen
Kuuntoki,Ziyaab-Doug
Hussein,Landola
Bannakoura,Abduli
Anedjam,Laya
Ashalley,Sidik
Bazaabon,Bethel
Sorhaptey,Yousif
Achulo,Fusese
Domei,Wetey
Nayen,Ayitey
Dodoo,Rasheed
Boakye Yiadom,Tabiri
Seesei,Ardayfio
Aryetey,Bejoy
Dega,Buabeng
Ayigah,Davids
Awugya,Gyamfuaah
Akwetey,Korku
Korto,Suweiba
Quaofio,Tanimu
Nyarkoa,Ofosuhene
Sinama,Basigi
Baminah,Samsudeen
Watara,Matthias
Banda,Lucila
Abbin,Sukeina
Agbolosu,Saadat
Kessewa,Saahonno
Ago,Awingura
Dienseri,An-Danaah
Koomson,Saudia
Agbeti,Sonia
Esther,Barikatu
Agbemavo,Donkoh
Enyisim,Kamaldeen
Gyawu,Suweidu
Koffi,Kwei
Tsatsu,Zainab
Dossiah,Panepuo
Abbew,Huzeifa
Laab,Shahidu
Tsatsa,Suwude
Simpi,Tackie
Tito,Antoinette
Aziawa,Truddy
Amartey,Sika
Wayo,Sinama
Bibio,Akokua
Muromu,Zakariah
Sanguuh,Koffi
Bazelayori,Baalayel
Saeed,Bazelayori
Omenyi,Alhasaan
Apo,Cyperes
Pupulampu,Zaria
Sadiq,Rama
Mohammmed,Archanophus
Amankwaa Antwi,Harona
Kodzi,Jefferson
Love,Klutse
Billy,Verenanda
Mantabliya,Nimo
Tsedzah,Dorman
Teye-Adjei,Philipa
Akakpo,Apana
Umaru,Akuwa
Nii Boye,Valetine
Agbashie,Tug-Lob
Zuh,Madaniatu
Senanu,Pafon
Kukame,Tobeiza
Agbavor,Tin
Ezu,Zita
Mankrah,Rafat
Amedoadzi,Abravi
Lanyan,Tayeng
Deh,Martins
Manembe,Edina
Kpeh,Gausu
Noah,Nyezie
Agbawu,Tahir
Ayomah,Muhammad
Freeman,Paulinus
Damasi,Awaaya
Dubairu,Adatsi
Quaicoe,Abdulat
Hoenayi,Makibe
Adukpo,Tedzro
Daketse,Maaboa
Essumah,Nawintie
Klutsey,Gabrial
Dre,Kordzo
Zobi,Hudzegor
Kondo,Calvin
Afoa,Bubah
Kutina,Salim
Atsutse,Uboratuln
Porle,Njona
Tomeye,Shrrif
Awaafo,Suhini
Gaani,Kuunang
Sangbo,Maamud
Apana,Meenyi
Amese,Lamee
Fati,Dava
Asamoah Boadu,Hafsotu
Kpekpena,Ikima
Akai,Percival
Nkobi,Ishatu
Yankson,Michelle
Ahenkan,Awinedayoa
Sualehu,Zachari
Guh,Iddrisa
Abdulahi,Tinanla
Sabogi,Damina
Tuulong,Usmana
Kollung,Aramah
Pagfung,Taayikitin
Toobe-Iza,Sowornu
Sooni,Dogbey
Zuuri,Belo
Boonye,Joli
Puli,Vicentia
Meniyod,Gariba
Zakeria,Muawiya
Somda,Zubeiru
Naaedgr,Salawudeen
Wubonto,Taufik
Bagiwii,Alandu
Aziz,Azabadegi
Angtierifaa,Hafizu
Bahillie,Osabutey
Nudanu,Rufia
Awusavi,Mariwan
Yarah,Apiunbisa
Vog-Enga,Zakia
Saalu,Masudu
Anguyele,Rasheeda
Wisiwia,Fusheitu
Martin,Mariyam
Anoba,Kawusada
Akumaning,Salley
Owusu Koranteng,Humukusum
Eduafo,Latifatu
Davor,Ekilima
Torgbuivi,Faidatu
Tuoyeni,Nafisatu
Naamwele,Gurunpaga
Babare,Afilua
Ammed,Nnabu
Nyezie,Bachoi
Kyiyaga,Yanub
Angdoono,Natogme
Ametorwo,Mabalik
Keti,Samdeen
Wahabu,Chanyen
Attram,Anifatu
Lonisee,Balkisu
Ankuor,Rahim
Agana,Kolugu
Nakpakipak,Nlow
Kwei,Freeman
Tetteh Kyere,Tommy
Asemsro,Ayupruga
Agboveh,Eliah
Tengliebe,Shefan
Yiyah,Olamya
Kpogo,Lamong
Dotsey,Nyapugu
Mubei,Kusaase
Cobbah,Kibangben
Borbor,Rudolph
Haligah,Hunugbe
Abiba,Lynda
Kubawui,Kayib
Alirugu,Saviski
Homawoo,Bewiechogo
Ntureyeng,Elemeh
Yelpala Mwin,Nissi
Tsokpo,Mmbaahia
Amekah,Warefi
Kuewu,Adisetu
Adey,Naminkaat
Clarke,Justin
Tsivor,Nuotaa
Agbobli,Damigu
Dzreke,Samaara
Effum,Awabila
Abibata,Buksin
Ghunney,Yobi
Asibu,Yamusah
Afedzie,Elizerbeth
Bortsieba,Lahina
Anankpieng,Bashira
Torgbiga,Bilapalim
Gadzi,Soudumah
Mutaru,Gaethin
Mawusor,Zanab
Agbekorvi,Pogmaa
Denuklo,Hasana
Aziemadzor,Garba
Titriku,Amsah
Poalari,Ofeida
Adatsi,Shammah
Kudiewu,Aduatu
Chabila,Aye
Halily,Teeber
Makibe,Anoma
Avornyo,Nabia
Akudzi,Kudus
Akpadenu,Seibu
Maaboa,Nankene
Nweneyaw,Gafur
Nganwekyewo,Doribu
Aboribey,Danla
Gbortse,Yorbanzie
Yaokumah,Rashad
Aziaka,Garitaa
Torgbui,Sorgia
Fusheini Zeinab,Sey
Zuleiha,Mahamudi
Tamakloe,Akusia
Kikih,Maku
Wemegah,Manet
Omadu,Wonder
Bondzie,Awentisiak
Debra,Cyntnia
Wuni,Nathalia
Majeed,Zuuri
Jato,Kawariyi
Avadzi,Jenifer
Bannira,Zumanibe
Tuahiru,Mwinseg
Saaja,Muhtari
Nako,Malle
Shani,Nuurzie
Suhiyini,Tumuna
Kuunang,Kunadi
Yushawu,Zentidire
Nendow,Rahmatu
Alabani,Mourice
Mahammang,Azore
Iddrissu,Mornaah
Nyenku,Amewuga
Kovor,Ekay
Mahmood,Amoe
Kwatsua,Waris
Shizzel,Waliu
Ennin,Kadri
Banful,Baki
Konney,Rahani
Djabanor,Wahidu
Arkowah,Tsormado
Shariff,Jalil
Oweiye,Miftaw
Lantey,Rashawu
Abdul-Aziz,Hafiz
Baiden,Rauf
Ananigo,Ganiyu
Wunu,Jaleen
Kelly,Nasir
Evo,Kusum
Anyigbavor,Halik
Ladjedo,Naby
Vomawor,Jabaru
Tsewu,Ero
Buber,Dennison
Boadu Akwasi,Shakun
Dogbe,Rhaman
Michelle,Rshid
Ntem,Hakeem
Dzorgbedor,Rahaani
Awinedayoa,Muhumin
Yiriyel,Okuley
Alorkpoe,Binyami
Affrim,Kombat
Governor,Acheampong
Hoda,Sina
Adzagba,Asekulika
Agbeke,Antwiwaa
Npong,Faruku
Agbofa,Atanga
Mayine,Quao
Damina,Mawubabe
Arama,Mcgraw
Taayikiking,Nketiah
Balah,Agbedemnaab
Bessie,Budu
Gmalaribo,Tsey
Mamonibe,Bondingo
Kanah,N-Yaba
Adonu,Niibdiin
Bakuri,Satangma
Sowornu,Cobbinah
Kponka,Fransis
Adafreso,Teiko
Gyemfi,Natty
Azasu,Deladem
Ntumi,Kabutsu
Normenyo,Akenten
Kamasah,Anyeley
Amegbletor,Duku
Godza,Adjin
Geli,Oye
Ego,Akuffo
Sefu,Ayorkor
Adzor,Odenkey
Dzinyakor,Kwartey
Mainasara,Ahusu
Kadiri,Quayson
Janett,Ayikoi
Akanbang,Narteh
Alugchaab,Engman
Nanewortor,Oduraa
Merh,Dongwiir
Gbate,Ankaba
Cornutse,Heaven
Owusuwaah,Brefo
Sayuti,Laryea
Blewudzi,Bortey
Aduroye,Amankwah
Asnanic,Mccarthy
Iliasu,Nyaamah
Apimbisa,Bazzy
Folakemi,Duodu
Amakwaa,Attram
Badepong,Fameye
N-Emwine,Bossu
Alassan,Akor
Asuama,Adjo
Gbeku A . S,Neindow
Abonlaakoba,Bonkanu
Arhtur,Super
Abdul-Rashid,Agyapong
Gani,Nart
Jabir,Bondze
Abdul Nasir,Newman
Akalibazugu,Tettey
Nayi,Elliot
Nindoo,Gyakwa
Henneh,Yenube
Mutiw,Nunoo
Dai,Anyetewe
Suhuyini,Chango
Braimar,Yawo
Sibirow,Robertson
Samadu,Mamle
Nantogma,Ankalipai
Shahadu,Ansah
Boakwa,Kum
Nlanpoan,Lardjer
Yaajaje,Naba
Belapugrim,Faris
Chuba,Boafowaa
Bawa Abu,Kuffour
Simani,Palmer
Bikaubu,Tutu
Wagma,Adward
Nbeye,Tey
Anaabiik,Sedem
Pani,Annin
Neindoo,Selasie
Azimah,Booya
Samdeen,Dotsey
Zowonu,Abugri
Abdul-Majeed,Padiki
Gaab,Ngmadobi
Dagbanja,Atswei
Abduddl-Rahaman,Mamadou
Isdeen,Adotey
Nagumsi,Fosuah
Siba,Adjetey
Ntognam,Lawson
Tungeh,Jnr
Santaa,Ayella
Ayabugri,Adukwei
Benyim,Bempah
Yenpisegit,Afoley
Nibeen-Yel,Snr
Koligu,Bortei
Amunu,Duorsi
Komashi,Williamson
Yilimale,Dasi
Gabu,Tum
Prah,Dugbatey
Agyefi -Kwame Mangala,Agbo
Amegboji,Forget
Tiskwaah,Adoley
Agyeiwah,Mettle
Allotey,Basid
Grant-Essilfie,Dino
Akatse,Amartey
Wilson,Amo
Akua,Tuhlip
Ayuriporigya,Awo
Elia,Mawutordzi
Unlamiya,Ahwoi
Abdul-Salam,Afum
Gurimi,Shirley
Lassi,Akosia
Yenloot,Kojogha
Alale,Enam
Kolan,Ayivi
Loong,Kwao
Abugbil,Amlah
Abugbilla,Emmauel
Agbanbilla,Akweteh
Namdaare,Nares
Batoh,Lawerh
Apiiyah,Katari
Nayenbil,Bagriel
Zottor,Eyram
Ahoto,Baakey
Minta,Modza
Tosu,Bediako
Abam,Aniwaa
Kede,Agbesi
Borkoh,Akwa
Botah,Ntibe
Kagblo,Paschal
Majid,Bosco
Meizah,Kwara
Isakpo,Adomaah
Jebridu,Abelbire
Asombi,Wayneclef
Ayuni,Obodai
Azawwutor,Paapa
Bolke,Wepaare
Kanra,Eshun
Ben,Aidoo
Talata,Gyan
Jomu,Clevantina
Judah Mu Gyata,Runny
Elijah,Theopilus
Dagyan,Abingya
Obobi,Adjomaa
Addah,Boahene
Hayford,Yemo
Odamey,Ngmertey
Edusah,Nash
Anumel,Mawuena
Atortowe,Awuah
Aso,Hakam
Aidoo Aboagye,Senior
Dah,Atogwe
Kyeiwaa,Atiah
Ndekor,Dzomeley
Boachie,Adjorkor
Mbanyia,Benyah
Somi,Sowah
Wiredu,Kaluu
Breyah,Yemoley
Kabutey,Akanbade
Sahibu,Korsi
Suurbesig,Kanor
Kaatori,Acheampongmaa
Nabika,Kyei
Kaari Naa,Mana
Yamusah,Afenyo
Adabong,Anatiama
Wassah,Odoi-Kwei
Kuubetigr,Ohene
Yamiru,Nimako
Lenni,Pee
Fusheni,Dapaah
Tiibila,Aanomah
Bilanyum,Broni
Atiah Adjei,Kobe
Dannaah,Asakizale
Kparaminga,Labaran
Abeh,Nlapeni
Malonin,Moore
Dabil,Annim
Suman,Akunzuo
Jadam,Moimil
Jeremiah,Dokitika
Dagan,Odartey
Boaban,Christoper
Tak 1hiru,Anaafi
Mahanudu,Asuah
Mas-Ud,Ayit
Ametowodo,Mbarka
Ligi,Djagbley
Naaley,Asemah
Piinin,Atatina
Akosi,Kwofie
Saka,Bilorbu
Bagai,Abiwu
Thomas,Wasiu
Dong,Kinsley
Tulka,Ako
Manga,Amorkor
Yemilla,Nasin
Konja,Bintrime
Nalor,Obiodomie
Adjalo,Ampem
Dzila,Adobea
Abiwu Adjiba,Kwagyir
Basikarl,Obiri
Domayee,Sasu
Alaglo,Salami
N-Tohan,Seeker
Bado,Provencal
Baazend,Selassy
Kpenyere,Gavu
Wemah,Wilson
Sabul,Ramzy
Nayir,Mawuenam
Belle,Sorkpah
Sulemani,Gamah
Shafiq,Kotei
Kanton,Etim
Siir Kanyan,Mayisi
Siir Kayan,N.
Wahidu,Affi
Bontie Tia,Selassie
Jikpei,Adeola
Forkor,Gyasi
Natire,Gyamfua
Nankene,Kwasive
Deme,Caure
Nakpan,Bugri
Naalebkuur,Nyirah
Kyaaviel,Kwadjo
Tambesagru,Barnie
Bagr,Okyere
Donzagl,Nyass
Yorbanzie,Okota
Kayan,Samy
Nadia Issahaku,Timah
Dorwi,Amenano
Tale,Oppong
Gomina,Afotey
Banu,Olulogo
Gomina Sorgia,Kai
Loovan,Egbanwura
Achampong,France
Siirkanyan,Numo
Achempong,Kwakye
Chipo,Wajia
Saawooma,Assan
Sei,Nambutot
Asumiru,Kisiwaa
Suokyara,Akpor
Kekene,Nsaih
Alorkli,Mausuor
Matrevi,Gunu
Gadzeti,Alata
Sename,Seychelles
Adzoko,Bafour
Kutuah,Kosi
Amedagbe,Agboesi
Ahortor,Abese
Bawuna,Yawa
Gyamena,Anderson
Naale,Ampah
Ahiadu,Asiedua
Youribua,Mopi
Kubunu,Deides
Soabala,Ekpo
Orator,Nyatefe
Ayimah,Livingston
Ahiaga,Gaza
Hunaxo,Tedro
Job,Amaachaab
Baakangso,B195
Banyogtaa,Edzoa
Naachere,Njonan
Mweninkoma,Awotwi
Badii,Sena
Maabol,Piegu
Dagbal,Selase
Zumonia,Limann
Kudroha,-
Woana,Sammed
Talannyere,Natogma
Yari,Guzabli
Sanye,Rachael
Eleta,Roberta
Elelah,Wumpini
Naawminesiru,Forwah
Nong,Kasuli
Besseh,Wasir
Padi,Tadili
Hazey,Azuma
Aki,Yentiat
Equagoo,Samantha
Latsu,Arko
Agordze,Ganaba
Muntari,Gandoug
Dabie,Mmalebna
Maale,Richie
Alhaasan,Nyamekeh
Dasomon,Mahab
Aseibu,Majeeb
Lataa,Daber
Gyakari,Antaa-Eron
Lawani,Jaku
Mbatiig,Bilakpem
Kaliko,Laariba
Detan,Korbla
Hama,Addotey
Kulah,Amisah
Ayishetu,Kwalaso
Kunadi,Lee
Asigiri,Singnaa
Wiwilaso,Gbadagbo
Gbavi,Katurbi
Jakper,Ayaaba
Konu,Wakim
Nyameasem,Liyiarib
Anyagre,Ofoutsu
Andene,Owuso
Sundong,Amofa
Ahafia,Kuri
Agyamang,Nmah
Sambuo,Awinkudugu
Azure,De-Graft
Aremeyaw,Clotey
Mornaa,Anankenna
Yegbe,Bayizuna
Amewuga,Animley
Awukuvi,Mashod
Dorpenyo,Atinka
Hadiku,Jecob
Oseni,Ajah
Gagli,Waliwu
Agbemalior,Seesi
Sedzro,Shakul
Sakinatu,Boadiwaa
Immanel,Agbetey
Amoro,Nartey
Niyour,Engmann
Ubor,Azomyan
Madzaba,Borketey
Ganku Cletus,Elikplim
Mublik,Sampsom
Dunnoulo,Naawu
Amiah,Turia
Asampandaa,Maine
Agombire,Nuoryuoro
Segoe Acheampong,Linteen
Yaya,Zerba
Agbordzor,Koryo
Abdul-Wahab,Abogye
Ntefuni,Elloit
Mohemmad,Aguutanaab
Frimpomah,Minta
Bandow,Basile
Mathias,Kordie
Akilai,Amoh
Colinson,Zanetor
Uthman,Sintim
Avofedour,Obengfo
Adobiah,Ajesiwor
Bamork,Mumni
Chable,Adzah
Tanya,Akweley
Handib,Yekunya
Fialor,Boaky
Kadri,Dei
Abdul -Rahaman,Amarh
Kpormrbeg,Fosua
Affi,Kholi
Jamiratu,Alefi
Iddirisu,Dubatey
Olinga,Dela
Serwa,Otiwaa
Dominic,Aboah
Bayinikumo,Wewukom
Peterson,Amoo
Adiza,Anun
Mawutor,Wellington
Cobbley,Kumedzina
Karl,Gyimah
Edu,Dzine
Aledi,Addae
Bayenip,Nabegoe
Harma,Kwaao
Sombare,Nhyira
Faringtie,Sedadzor
Mudasir,Thiago
Gally,Miclean
Idel,Shariff
Appiah Mensah,Kweinorkuor
Barrack,Yenupaak
Afa,Akwetey
Emmereba Nana,Say
Kwasi Seidu,Eduaba
Yenube,Luke
Omani,Semefia
Kpamegah,Psis
Aborko Akubire,Yahya
Neber,Nyuuwiri
Sahahad,Anko
Gmenedomo,Salu
Saver,Obadiah
Norviavor,Ashong
Sittor,Oyoo
Fordjuour,Nzuana
Tanpour,Kwao-Kumah
Seidu Sita,Harlod
Suison,Akanwelige
Chantima,Napor
Glabu,Bia
Jamila,Quansah
Agripa,Tweneboa
Koala,Clementina
Wumbei Kwaku,Annang
Binbon,Abinggya
Sevor,Prempeh
Agama,Abbey
Oti Akenten,Yiadom
Noviogbor,Sara
Yen,Atogiwe
Otuo,Lazarus
Eklen,Awinesigia
Wireduwaa,Kraa
Ania,Ago
Ofoli,Edinam
Gleku,Barkey
Buakor,Sandow
Sengor,Dabuo
Osubruni,Owusuaa
Wobil,Beremah
Ayikpe,Apau
Asare Baffour,Snr.
Ishmael,Josephere
Nde,Fio
Adu Asare,Odai
Kwami,Gyanaku
Omaano,Asenso
Assah,Suhuyini
Combat,Kotey
Maame,Adarbo
Darfour,Sedu
Smaila,Yemorkor
Adekpui,Omari
Ekyem,Norris
Babafaara,Baidoo
Oduraa,Kolley
Ahadzi,Kwegyir
Daamaata,Abdela
Ansumah,Owudu
Abdul Fatawu,Laadi
Kpani,Akwesi
Danyele,Wanny
Nabe,Amakudzi
Gamlanyi,Dave
Mutala,Quarshie
Salemana,Kuampah
Aberfo,Teteh
Ayibisa,Jabel
Naamwinkum,Otua
Asieduwaa,Ogoe
Felicia,Abrokwah
Hanyabui,Angveng
Bortey,Zabsore
Drafor,Barnes
Amaniapong,Akamba'ase
Mensah Mccarthy,Sarpomaa
Darko Ankrah,Achaw
Barisa,Nyarko
Moussoubawou,Odame
Kwaning,Zuongrana
Maawonetuo,Nyella
Williams,Abeka
Kwaboateng,Chiakie
Dagbandow,Oj
Boare,Liima
Nabil,Mawukoenya
Fonwaa,Koranteng
Anawulah,Takyi
Amoo,Ampha
Sheburah,Deidei
Othhere,Yiepala
Naa-Unno,Hindu
N-Liwie,Augustus
Imoro-Ka,Mansa
Diteunatey,Siiba
Liyu,Banda
Yourbenumeh,Mbamba
Naapong,Forkuo
Humi,Bless
Aliu,Adongo
Ninsin,Abdul-Rauf
Yaba,Abdul-Mumin
Kamine,Kasule
Akpalo,Akurigo
Agbenyefia,Hill
Ninwie,Baptist
Yahaya Lamin,Majid
Agyeiwaah,Anwo
Dang Bia,Mwinfang
Huseini,Bilakpenim
Husseini,Zebrekuu
Awutey,Larkor
Dimbipasow,Gomina
Micheal,Kutoa
Vida,Gbadago
Agbo,Liviarib
Kuwurnu,Ofotsu
Tuahidu,Adja
Akosah Agyapong,Darkoa
Dreen,Sedzro
Iddris Abdulai,Kpani
Ntori,Alabi
Kata,Nyame
Mpoamor,Saha
Dwumah,Ayeley
Tinaaya,Offei
Biigba Kofi,Ghansah
Gonga,Lartei
Yaapen,Otoo
Amankwaa Hannest,Noikey
Kpartey,Addy
Amo-Asante,Mawutor
Darku,Amekudzi
Abdul Raman,Zikpi
Kanpore,Armah
Zigan,Mordzifah
Torkpo,Rony
Nanpaale,Kweikuma
Yuam,Oforikwei
Munya,Ebezener
Kwabla Dzapkpasu,Zulaiya
Ayirikoba,Adjye
Iddrisa,Nakwe
Achaempong,Dwomoh
Atinbila,Boye
Abaiki,Wayne
Abangnaab,Yves
Drowaa,Jagbley
Beno,Pokua
Gaspa,Dornu
Osei-Tutu Ababio,Kukua
Danzima,Ackon
Lambon,Tito
Dinja,Nuradim
Adaam,Goozabli
Bekyi,Wunzooya
Ayimbila,Odifo
N-Yelayeng,
Nunoo,
Tachi,
Nyarku,
Bilama,
Kpehe Loare,
Timbaye,
Ndeni,
Anine,
Yaayo,
Saale,
Asabiri,
Khadija,
Larmptey,
Umoru,
Begenako,
Adjignon,
Maley,
Hellen,
Kodjo,
Bayoliya,
Charity,
Jayim,
Mamle,
Suguru,
Torwoedzem,
Yanney,
Attakorah Darko,
Anamoah,
Wullu,
Gbagah,
Nirb,
Kuujapua,
Apodita,
Gasikah,
Mankoa,
Tei,
Bervan,
Owusu Peprah,
Atuek,
Safianu,
Amusi,
Aprakuaa,
Medekanya,
Zualey,
Kodia Nabari,
Abdela,
Domekyile,
Akalifa,
Akolbire,
Ousmane,
Nantan,
Osei Kuffour,
Akwaboah,
Abawere,
Daudu,
Pamfo,
Jibrim,
Mensah - Ayettey,
Dzigbordi,
Pokuwaah,
Mahamud,
Abugu,
Namoyire,
Ogura,
Elizabeth,
Gyambea,
Buugbila,
Senyo,
Ayawli,
Amakilo,
Wasiu,
Oguaa,
Kongdoro,
Sankar,
Ahenedwah,
Asumadu,
Dellali,
Barikisu,
Bisi,
Addry,
Vigbedor,
Fremah,
Helper,
Joyce,
Latif,
Barwuah,
Yirzaa,
Zoya,
Ignatius,
Skofio,
Achigani,
Nlembe,
Ablah,
Pokuwaa,
Jatti,
Mande,
Mahammah,
Akaasa,
Ehon,
Mariama,
Baazeeng,
Saa,
Dagbui,
Bangfu,
Gmabe,
Diana,
Ntabe,
Vouder,
Adjo,
Nyatsikor,
Taanoba,
Abibu,
Liwaal,
Gbal,
Juam,
Sunbe,
Kamkam,
Nagayen,
Kakariba,
Fidelia,
Okumo,
Sanatu,
Danuda,
Gariba Mohammed,
Adinkrah,
Mennon,
Churchur,
Naayele,
Nanbari,
Bechuria,
Kontoanyan,
Awenkisimi,
Piirun,
Sigkpeti,
Kwadzo,
Mohamadu,
Nana Assirfi,
Abugba,
Bidewtey,
Atibre,
Anto,
Asuman,
Adampa,
Som,
Naabil,
Shallah,
Maxin,
Famiye,
Nunekpeku,
Bediako Aidoo,
Aliwu,
Majotiba,
Labil,
Nadako,
Anobah,
Yewasa,
Tanpuli,
Adukbila,
Tebi,
Adjei Acheampong,
Sabah,
Asiani,
Salama,
Aklu,
Adoagyirwa,
Basare,
Dupaa,
A.A. Bawa,
Obiri-Yeboah,
Attatsi,
Bansi,
Tohir,
Mansu,
Asubonteng,
Mohamed,
Eduateh,
Kartey,
Yapajog,
Jagirib,
Atikpah,
Sampene,
Bichoriba,
Appau Dapaah,
Vifa,
Abdul Fataw,
Kutin-Mensah,
Abeng,
Jambeidu,
Sappor,
Brefor,
Addotey Kpakpo,
Amuyaw,
Gmenda,
Amadzor,
Akyemah,
Darkoa,
Lagbeten,
Atanpoa,
Alabi,
Agyemang Duah,
Kwatema,
Tahir,
Bosompem,
Otsiwah,
Forwaa,
Missah,
Nash,
Sey,
Bisinti,
Joe,
Tongu,
Nicholas,
Abdul-Hakim,
Alhassn,
Dwumaah,
Atoah,
Ataeta,
Amalbo,
Essah,
Apirwe,
Aboumanbang,
Nsowaah,
Ayiu,
Sankye,
Mafam,
James,
Soriyendor,
Bobie-Ansah,
Ayinbila,
Lantro,
Yaro,
Dramane,
Magnoila,
Vejana,
Abudulai,
Peters,
Tsoawdzi,
Aboadjie,
Eyison,
Bilalenim,
Anbankuun,
Ligilige,
Fianyedzi,
Dargarti,
Ngwene,
Godwill,
Osei - Bonsu,
Ismaila,
Doughan,
Nsaakoh,
Nohaara,
Tienaah,
Maccarthy,
Teteeh,
Kogolegbah,
Spio-Garbrah,
Abamson,
Nudzor-Gbeti,
Oware-Asimaku,
Gbada,
Avonu,
Halima,
Amisah,
Arthur-Fosu,
Appiah-Kubi,
Amoafowaa,
Diaby Lacina,
Nawaani,
Ayiee,
Gyekyewaa,
Awindaago,
Kakra,
Sorme,
Anyinsomo,
Donu,
Docta,
Kuti,
Jamah,
Essifi,
Amlah,
Mark,
Akyeibea,
Esten,
Awua,
Faustina,
Asomani-Darko,
Agyiri,
Basoa,
Agbey,
Agbove,
Anass,
Agyabeng,
Oyadier,
Otchie,
Amirba,
Tandoh,
Sakina,
Tweneboah,
Bekai,
Beniekyi,
Polley,
Akanbugu,
Be-Kwao,
Kumiwaah,
Agyeibea,
Azigie,
Luribie,
Malam,
Mac-Pods,
Attiapah,
Antobre,
Angmortey,
Adziakpor,
Lewaa,
Adjertey,
Ockrah,
Kuluvi,
Quao,
Agyi,
Galza,
Konama,
Kabore,
Niipaba,
Donkuu,
Adaho,
Dungadi,
Attokora,
Kele,
Tameklo,
N-Nyopue,
Gyampo,
Berko,
Anamal,
Kwarah,
Aboagyewaa,
Hiano,
Anwertey,
Nsenkyire,
Owusu Sekyere,
Opare Asamoah,
Bawuah,
Azoko,
Ziddah,
Osei Nyamekye,
Jamilatu,
Similac,
Adwoa Saah,
Dayan,
Nkyi,
Bedaah,
Iliyasu,
Dankway,
Kadison,
Eric,
Bema,
Benawo,
Amonu,
Mutue,
Fabila,
Japoh,
Irebo,
Budu,
Napuro,
Urbanus,
Gyane,
Ankomah Hagan,
Ayimmono,
Asantewa,
Lamisi,
Imoru,
Owuredu,
Aheng,
Waja,
Manarteh,
Poakwa,
Adu-Acheampong,
Bisimbon,
Majouba,
Folo,
N-Bullibe,
Ayeita,
Konsan,
Ayamga,
Asamah,
Jagir,
Nabel,
Sani,
Achumlibegba,
Njirbi,
Wakaso Sham,
Abdul-Rahamani,
Nloi,
Alemya,
Elias,
Koduah,
Isaka,
Ansomahbaadi,
Kobbina,
Issif,
Nene,
Duodua,
Jobo,
Afoakwah,
Meiri,
Kuley,
Denteh,
Abass Abdul,
Yemo,
Abago,
Asunguba,
Langkpier,
Anongu,
Allou,
Asamane,
Dzalu,
Gablah,
Abdul- Rahaman,
Nii Addo,
Wakii,
Yevu,
Nsobila,
Batuwan,
Amkomah,
Rasta,
Leonard,
Waddle,
Agbenya,
Agyemang-Duah,
Apensem,
Anamtaya,
Sebuare,
Kakanuu,
Mahamma,
Georgina,
Nyarko Kumson,
Wepa,
Werempowaa,
Beinyah,
Nbila,
Amola,
Azulira,
Gnali,
Adatarimah,
Amben,
Blessing,
Sabla,
Otis,
Abangna,
Asare-Addo,
Azameti,
Pentem,
Zaane,
Ayokambe,
Saabit,
Houseline,
Nayeden,
Akonor,
Dzokpo,
Samata,
Agbeseno,
Ogyou,
Ayew,
Ntandol,
Alunga,
Jaluu Abdulai,
Basewe,
Tantio,
Jacob,
Abubakri,
Amiru,
Banyenbu,
Lokwei,
Toumenyo,
Ukparl,
Binantibi,
Asokwa,
Kaaranpuli,
Naroby,
Yankah,
Mwintuo,
Banson,
Banaman,
Carbonu,
Zakariya,
Inuusah,
Ghansah,
Atta Poku,
Yeduaa,
Asafo Jabare,
Timbea-Ela,
Mahadeen,
Ayinpake,
Zingdelkuu,
Nyinya,
Aweyega,
Teku,
Ampin,
Ayittey-Adjin,
Agyapong Kofi,
Dabegwa,
Machia,
Adu Gyimah,
Natter Philomina,
Mbawon,
Kpenaba,
Ayoo,
Wunyara,
Baduon Yussif,
Abdul Dramani,
Esaawah,
Ataa,
Amoako Kwarteng,
Assuming,
Mohaamed,
Abdul-Mumin H.,
Naasabie,
Karley,
Browni,
Kudiabor,
Awuku Anyah,
Dugno,
Jones,
Mwaabata,
Yawuza,
Takinor,
Wiennaa,
Ohenewaa,
Azilim Ibrahim,
Ayamgba,
Nkpaa,
Masahudu,
Abrokwah,
Oforiwaah,
Dongdio,
Lepantey,
Yakawunya,
Asare Bafo,
Agbayisa,
Godfred,
Krauk,
Lare,
Atitso,
Afuugua,
Annobil,
Gyamfuaa,
Quason,
Naawono,
Gentu,
Abdul-Malik,
Garba,
Zaiba,
Vanderpuye,
Sinweh,
Sonuu,
Quashegah,
Henewaa,
Intiful,
Soale,
Ounmah,
Anator,
Atobrah,
Meyenba,
Ayuretoliya,
Alikor,
Horlorku,
Mutor,
Tovi,
Justice,
Hodogbey,
Adu Koranteng,
Maleme,
Arhim,
Yiy0r,
Biekuuh,
Htasah,
Apula,
Aduamah,
Etoh,
Dontor,
Amabley,
Asuah,
Angsaaba,
Azare,
Jabab,
Araba,
Joshua,
Emissah,
Bakaw,
Misbahu,
Dembe,
Dalnyan,
Mbawini,
Asafoadjei,
Baasiwa,
Suley,
Asemah,
Saeifah,
Dunze,
Azo,
Ologo,
Awugaali,
Takora,
Sheifu,
Dodobatia,
Atulega,
Egla,
Zulkanen,
Yeenu,
Weanboir,
Lushini,
Bakyel,
N-Nadomor,
Bubakar,
Leyeg,
Kulomnapoka,
Kabiru,
Yin,
Abdul Samadu,
Takyi -Micah,
Yenkuwa,
Sarpomaa,
Menah,
Badasu,
Fiagbenu,
Kpodonu,
Akitinga,
Injonan,
Dassah,
Yemoh,
Ayala,
Agnenorxeni,
Kengadie,
Nyorfeere,
Asakiwine,
Abiwu,
Dagana,
Tsibu,
Yerboah,
Abiiredongo,
Joode,
Keteku,
Nasiru,
Akey,
Kpangu,
Ohene Boafo,
Ayivor,
Looku,
Kwakuvi,
Buandoh,
Isaac,
Amoabea,
Barnor-Newton,
Ayibonte,
Ampare,
Akaya,
Mensah Seeker,
Provencal,
Nyamekye Ewura Esi,
Atsugah,
Kumeh,
Mawunyo,
Atsu,
Apotsra,
Assem,
Fayo,
Kado,
Anagbonu,
Ameho,
Florence,
Gamah,
Doffour,
Halovi,
Antiwa,
Denkyira,
Afatsawu,
Nyaku,
Suog,
Ampo,
Jibril,
Oheneng,
Smillie,
Wunia,
Maale- Dada,
Odum,
Kwapong,
Mayisi,
Annah,
Osono,
Dautey,
Affram,
Kweitey,
Muhammad,
Dzorkpe,
Dvaful,
Kerim-Nko,
Nyumbor,
Asanti,
Babongyire,
Amenmyedzi,
Akyempon,
Kordagbe,
Akpalou,
Akyem,
Ayaar Karim,
Kuntu Blankson,
Kotoka,
Seth,
Bellah,
Fredick Kofi,
Comfort,
Andam,
Adaa,
Asape'o,
Nignun,
Nana Tiite,
Quarcoopome,
Baalapuo,
Kotwah,
Tania,
Ayenor,
Yamieogo,
Nkcoom,
Asmah,
Beliako,
Monhammed,
Katu,
Binney,
Boban,
Dankan,
Grushie,
Tati,
Baafour,
Dari,
Sokah,
Kotoche,
Mukhar,
Adusei,
Vincent,
Dosoo,
Dosia,
Nelson Agyemang,
Gaali,
Kwadu,
Opoku-Ware,
Kichannya,
Salley,
Nuwati,
Dakoon,
Asiam,
Abdul Hamdul,
Tiyaar,
Hadzide,
Attamra,
Naajooh,
Akudugu,
Lawoey,
Kesseh,
Mugida,
Kofito,
Veadenu,
Birlsin,
Ainooson,
Agbi,
Mbema,
Anyee,
Fusieni,
Anejem,
Peggy,
Ziem,
Godwin,
Ayeh,
Nyennauh,
Baforga,
Ekumah,
Adonteng,
Says,
Osei Danquah,
Zargy,
Bamenga,
Kesewaa,
Assan,
Adammu,
Ablometi,
Agbemavor,
Quayeson,
Agborkey,
Gana,
Naab,
Amele,
Maine,
Alimo,
Song-Uuh,
Fabena,
Aboaa,
Puplampu,
Esar,
Meijira,
Abidu,
Kpantina,
Eyima,
Mcson,
Ahianyikor,
Agbalenyo,
Umaro,
Aniagyei,
Hamsa,
Bilekpem,
Adzoyi,
Esikpeh,
Agbabu,
Ayaniba,
Damasi`,
Ahiabli,
Assumanu,
Yaworshie,
Kaningen,
Gorden,
Amoaknab Mahama,
Asinvoole,
Kpena,
Dzigbodi,
Kuntubaala,
Nangu,
Kantongboku,
Dome-Ere,
Lanwuzume,
Yembi,
Zuure,
Yarong,
Donshotey,
Abubakari Alhassan,
Enyam,
Naaedegr,
Domalale,
Yabuku,
Awoussavi,
Juliana,
Nagbani,
Abulai,
Kingluther,
Eduaful,
Tuoyine,
Babaa,
Mohammed Hudu,
Kunsorta,
Kapo,
Agamah,
Animla,
Abdul-Wadud,
Alorebey,
Aakuor,
Gannah,
Zainab,
Ekpo,
Abdul-Mumen,
Yiya,
Asuma,
Mobea,
Heh,
Anankpienga,
Tunizie,
Mwine,
Amofaah,
Addey,
Dzrekey,
Olagah,
Agekorvi,
Manankan,
Hlordzi,
Halilu,
N-Yajasan,
Hudu Mohammed,
Ezeni,
Nwenllo,
Aminata,
Down,
Akogo,
Yekplorwodo,
Zeena,
Ishaak,
Ibrahim Zuleha,
Fiadzenu,
Abuu,
Hardi,
Siyar,
Unako,
Moses,
Yushaw,
Bilijo,
Modi,
Ambradoh,
Gulu,
Emmissang,
Awotwi,
Akoah,
Brownt,
Afagbedzi,
Tegenu,
Ahiave,
Akweti,
Lamtey,
Vormawor,
Ahorga,
Ayoyo,
Gorvenor,
Usmanu,
Mamah,
Kuyuli,
Laakaniwuba,
Bisila,
Koye,
Draa,
Gmalaribu,
Adzodi,
Alagah,
Fuseni,
Ademu,
Shifu,
Hasan,
Chefu,
Zanu,
Majj,
Musah Ansah,
Sajo,
Gbatey,
Kumesi,
Hosunu,
Safari,
Agbemor,
Abdul Rahim,
Akoliko,
Baby,
Memunatu,
Fola,
Issifo,
Issahak,
Abalakoba,
Nasir,
Jabiru,
Ankalibazuk,
Akanpaguuta,
Hinneh,
Fawaz,
Sibdoo,
Abdul Somed,
Jawulli,
Karimu,
Abdul Basit,
Abdul Wahab,
Yajegi,
Blapurum,
Sa-Eed,
Natome,
Wagmar,
Anabiik,
Adam A,
Malik,
Rawlings,
Njognam,
Tango,
Yenpisak,
Dagang,
Dey,
Yirimalea,
Ayamdor,
Agyefi-Kwame,
Tsikwaah,
Abram,
Akatsey,
Walker,
Ayindoo,
Kpee,
Munufie,
Sahada,
Tasimbo,
Togyeni,
Yenlohit,
Allali,
Nyountib,
Larri,
Naamdare,
Pumi,
Cobbina,
Kagble,
Bonmo,
Miezah,
Tsakpo,
Asuembiik,
Sarfo-Osei,
Azawutor,
Bolkai,
Nda,
Dagyane,
Barima,
Wahd,
Darbi,
Zan,
Hidayatu,
Sommy,
Wombil,
Brenya,
Kpesah,
Konlanbik,
Dawono,
Orlle Kofi,
Jijiri,
Kaariba,
0sman,
Tiah,
Adabog,
Lanwur,
Alhaji Diallo,
Bolayog,
Nalibun,
Takaria,
Leni,
Jagnam,
Balenman,
Bilagnu,
Azizi,
Kaaramenge,
Abeou,
Jadaan,
Djatoh,
Boabae,
Abdlai,
Gbadre,
Naali,
Mondip,
Akwesi,
Aquah,
Yiryelle,
Worsah,
Tolka,
Kwadjo,
Mangah,
Hakeem,
Pascal,
Duongnaa,
Sabil,
Naabe,
Koo,
Donluor,
Dimah Bazor,
Yelligi,
Katara,
Kanyan,
Wahid,
Boyoun,
Dauda Singnaa,
Lariba,
Issaka Tonsuglo,
Zeima,
Kusiew Bawa,
Sulleyman,
Lekuu,
Baafaakpeng,
Dongnaa,
Yelisigri,
Kweku,
Bommie,
Achanpon,
Achanpong,
Peter,
Efia,
Aforla,
Senam,
Gyaratera,
Zogbabe,
Baawuni,
Abdul-Kadir,
Akoe,
Ahiagah,
Nunaho,
Enin,
Bokoro,
Banaa,
Banyogitaa,
Nakyire,
Mwinekuma,
Kuubateregaazie,
Hobenu,
Bichene,
Dageni,
Eletah,
Babouyiri,
Bessah,
Djama,
Agordzo,
Adjei Boahen,
Dapala,
Daso,
Shaibu Akutang,
Bonsah,
Murphy,
Detam,
Asalam,
Siaka,
Asigri,
Bavi,
Amaah,
Dakorah,
Andenne,
Al-Hassan,
Nambo,
Simbo,
Dotsevia,
Adzibolo,
Scott,
Zakpe,
Agbemalio,
Donkor Dei,
Nurudin,
Nang-Waale,
